target,task,run_n,positive_prevalence_mean,AUPRC_mean,AUPRC_SD,AUROC_mean,AUROC_SD,F1_mean,F1_SD,R2_mean,R2_SD,RMSE_mean,RMSE_SD,Spearman_rho_mean,Spearman_rho_SD
tRNA-Ala,classification,3,0.010247720487371903,0.8649481974130236,0.012491909377833642,0.9840685881165229,0.002744373544787908,0.8302690147803117,0.012455568589341232,,,,,,
tRNA-Ala,regression_type_positive_only,3,,,,,,,,0.7997861349059238,0.14868760301182635,0.41252044444883995,0.1342985627103706,0.7035795400436666,0.03046760943198366
tRNA-Arg,classification,3,0.013071895424836602,0.7703348321081354,0.036242242966776445,0.9576763556677982,0.003947067365025466,0.7517976977068422,0.02594415585610773,,,,,,
tRNA-Arg,regression_type_positive_only,3,,,,,,,,0.8244006142472298,0.06257626961582886,0.5198258774101681,0.09003871855765504,0.6394018068875763,0.02223935186972156
tRNA-Asn,classification,3,0.0242879044621964,0.9455061685034963,0.014195375685948539,0.9937424650217656,0.0034271076855628443,0.8917505548288608,0.007298048635552377,,,,,,
tRNA-Asn,regression_type_positive_only,3,,,,,,,,0.6324439343520512,0.09381188827389275,0.3218641664924428,0.04214579853106461,0.35936686677389146,0.002003359283257969
tRNA-Asp,classification,3,0.005083514887436456,0.6909884501724974,0.03373167332529565,0.9595802383312521,0.014398632278138588,0.6538582532670957,0.04194335001020574,,,,,,
tRNA-Asp,regression_type_positive_only,3,,,,,,,,0.6149686545402714,0.1381262996802187,0.44373954879771943,0.07992856700115908,0.7166040733760087,0.00403971290769685
tRNA-Cys,classification,3,0.004760752037440491,0.6717628981904503,0.03411760099871589,0.9431372926245856,0.004699151721491313,0.741800423873253,0.04932694274718869,,,,,,
tRNA-Cys,regression_type_positive_only,3,,,,,,,,0.41863656394848353,0.12148988236853657,0.29305637718906724,0.031855513411873405,0.4804640927926774,0.027077865151175627
tRNA-Gln,classification,3,0.005244896312434439,0.7185881343658233,0.012644651954654756,0.9763685751842793,0.015490655592512946,0.6799498659078108,0.01889468979750814,,,,,,
tRNA-Gln,regression_type_positive_only,3,,,,,,,,0.5624723600705515,0.2374027686783336,0.7045296083274296,0.4054868670738264,0.6621601329983448,0.06419099227499851
tRNA-Glu,classification,3,0.0060518034374243525,0.785708710524696,0.003187674977150098,0.9845602641121395,0.007497178999599179,0.6819910361169076,0.0049646533671278675,,,,,,
tRNA-Glu,regression_type_positive_only,3,,,,,,,,0.4801872456768152,0.0798267368071163,0.6932148509267589,0.048365053122411954,0.6592497737709068,0.07489758960457736
tRNA-Gly,classification,3,0.007504236262406196,0.6104930983867721,0.0320209253245504,0.9391139959786695,0.016729529306309093,0.6510571874556549,0.02887431126124846,,,,,,
tRNA-Gly,regression_type_positive_only,3,,,,,,,,0.6578858616500385,0.08144383322034028,0.6986012987611439,0.21201731896126774,0.730344586776965,0.06288461668671332
tRNA-His,classification,3,0.0029048656499636887,0.5179856549792393,0.10791680257885086,0.8861029436007182,0.023008996021564896,0.6225340372325646,0.10976563385618322,,,,,,
tRNA-His,regression_type_positive_only,3,,,,,,,,0.22720095174462365,0.3241411999398044,0.38773013723350536,0.10320425711859048,0.4120739411298797,0.1329123259028065
tRNA-Ile,classification,3,0.023319615912208505,0.8687455268355331,0.01263724149420264,0.9756358484064673,0.0040210285540677295,0.8453577857513923,0.010663548587815314,,,,,,
tRNA-Ile,regression_type_positive_only,3,,,,,,,,0.7741057641991477,0.07390121665100503,0.33602583903040295,0.03558940782392016,0.5527801086427379,0.024518076258348866
tRNA-Leu,classification,3,0.010247720487371903,0.7146857201950186,0.011788763578685886,0.9517170352890627,0.008486896666921026,0.6354190614223599,0.16871400160642228,,,,,,
tRNA-Leu,regression_type_positive_only,3,,,,,,,,0.7811193359256895,0.03845517373777061,0.7325981288879065,0.1439224000979958,0.7669449357089221,0.01814701277945459
tRNA-Lys,classification,3,0.0060518034374243525,0.6205990109892617,0.034605587158691345,0.9463515000631416,0.019216750297367673,0.6289711316718068,0.006718554807784476,,,,,,
tRNA-Lys,regression_type_positive_only,3,,,,,,,,0.731842788424336,0.14753563146209056,0.5039837056068966,0.1379118842059978,0.6404416897270094,0.038275954552386506
tRNA-Met,classification,3,0.009763576212377955,0.7189893260759943,0.046230062063685656,0.9525320916884862,0.012753708940519479,0.7293373938722776,0.05474788059530738,,,,,,
tRNA-Met,regression_type_positive_only,3,,,,,,,,0.686185782241763,0.04486621617072552,0.6464495001512527,0.17654834211446813,0.5844741274084032,0.01907115966969735
tRNA-Phe,classification,3,0.004034535624949568,0.7375702321304668,0.009381369535144696,0.9664300953306867,0.008127334672277024,0.693438722366686,0.016411405239964115,,,,,,
tRNA-Phe,regression_type_positive_only,3,,,,,,,,0.6952213890067824,0.04613847534722144,0.3491535842983599,0.02713479536916411,0.6406067694834525,0.016975752545951305
tRNA-Pro,classification,3,0.006535947712418301,0.7160645879135187,0.08267714355285134,0.9686954344785909,0.009041376336333442,0.7089203374343936,0.04514749748645127,,,,,,
tRNA-Pro,regression_type_positive_only,3,,,,,,,,0.5004731433300802,0.13355835339534847,0.65744858678741,0.3399261899525273,0.6117574620966154,0.09550135509361761
tRNA-Sec,classification,3,0.002178649237472767,0.3576645252348119,0.5155585304951037,0.937700045724737,0.09985781261973106,0.3849454494314814,0.47560897497469784,,,,,,
tRNA-Sec,regression_type_positive_only,3,,,,,,,,,,0.0,0.0,,
tRNA-Ser,classification,3,0.015573307512305333,0.8339673733089249,0.034571671851274674,0.9750264730031994,0.0037463137045557204,0.8212823221599667,0.025116898042429857,,,,,,
tRNA-Ser,regression_type_positive_only,3,,,,,,,,0.7838279780355757,0.017086620940015323,0.4947805855907661,0.06862414737712594,0.593386471671953,0.034069800725766604
tRNA-Thr,classification,3,0.016864358912289195,0.9046295802052997,0.0048537905913498235,0.9849498675806689,0.0014415042482028878,0.8868560151412442,0.00624842213150905,,,,,,
tRNA-Thr,regression_type_positive_only,3,,,,,,,,0.7380473299555618,0.08692909903131654,0.2997612950397107,0.051271895931351175,0.4916644476978824,0.02483707833224269
tRNA-Trp,classification,3,0.004437989187444525,0.7579367462159539,0.027715199333373314,0.9663947793709505,0.006317086266934199,0.6791104420909271,0.023827775754436384,,,,,,
tRNA-Trp,regression_type_positive_only,3,,,,,,,,0.5667093451996577,0.11941112971807943,0.23207301684480605,0.044233438827399274,0.4984511267064147,0.0047799326843237806
tRNA-Tyr,classification,3,0.007826999112402162,0.855470927696898,0.05499976369563677,0.9911627171242233,0.007171284870071758,0.7894619894619894,0.033067654265436314,,,,,,
tRNA-Tyr,regression_type_positive_only,3,,,,,,,,0.747967476548392,0.12084139903973784,0.2933967760949421,0.06355648949439655,0.437199670419744,0.13552617590020735
tRNA-Val,classification,3,0.006293875574921327,0.7079411435258397,0.12354319072669442,0.9639150018565367,0.026196699005994223,0.568821952055485,0.1684727162198378,,,,,,
tRNA-Val,regression_type_positive_only,3,,,,,,,,0.7112814519458496,0.14663748874537658,0.5920894368472874,0.2899730338010681,0.66446064393161,0.020873011153292875
