Kingdom,Phylum,Class,Order,Family,Genus,Total_Plasmids,replication_Replication_Initiator_prevalence_pct,replication_Maintenance_Partition_prevalence_pct,replication_DNA_repair_and_recombination_prevalence_pct,replication_Machinery_Elongation_prevalence_pct,transcription_Transcription_regulation_prevalence_pct,transcription_Initiation_and_promoter_recognition_prevalence_pct,transcription_Termination_and_anti_termination_prevalence_pct,transcription_Core_transcription_machinery_prevalence_pct,translation_tRNA_prevalence_pct,translation_Regulation_and_Control_prevalence_pct,translation_aaRS_prevalence_pct,translation_Ribosomal_RNA_prevalence_pct,translation_Ribosomal_proteins_prevalence_pct,translation_Ribosome_assembly_and_maturation_prevalence_pct
Unknown,Actinomycetota,Actinomycetes,Bifidobacteriales,Bifidobacteriaceae,Bifidobacterium,27,100.0,0.0,11.11111111111111,18.51851851851852,18.51851851851852,0.0,0.0,0.0,18.51851851851852,0.0,0.0,0.0,0.0,0.0
Unknown,Actinomycetota,Actinomycetes,Kitasatosporales,Streptomycetaceae,Kitasatospora,33,48.484848484848484,36.36363636363637,27.27272727272727,48.484848484848484,87.87878787878788,33.33333333333333,0.0,0.0,9.090909090909092,3.0303030303030303,9.090909090909092,3.0303030303030303,3.0303030303030303,0.0
Unknown,Actinomycetota,Actinomycetes,Kitasatosporales,Streptomycetaceae,Streptomyces,955,35.39267015706806,56.2303664921466,33.50785340314136,34.031413612565444,90.78534031413612,47.225130890052355,2.1989528795811517,0.10471204188481677,15.078534031413612,5.968586387434556,8.795811518324607,0.5235602094240838,3.56020942408377,1.8848167539267016
Unknown,Actinomycetota,Actinomycetes,Micrococcales,Microbacteriaceae,Clavibacter,49,20.408163265306122,32.6530612244898,4.081632653061225,0.0,67.3469387755102,6.122448979591836,0.0,0.0,0.0,8.16326530612245,0.0,0.0,0.0,0.0
Unknown,Actinomycetota,Actinomycetes,Micrococcales,Microbacteriaceae,Curtobacterium,45,8.88888888888889,24.444444444444443,8.88888888888889,4.444444444444445,82.22222222222221,37.77777777777778,0.0,0.0,11.11111111111111,4.444444444444445,31.11111111111111,0.0,0.0,0.0
Unknown,Actinomycetota,Actinomycetes,Micrococcales,Microbacteriaceae,Microbacterium,21,0.0,19.047619047619047,38.095238095238095,9.523809523809524,76.19047619047619,38.095238095238095,4.761904761904762,4.761904761904762,14.285714285714285,4.761904761904762,23.809523809523807,0.0,4.761904761904762,0.0
Unknown,Actinomycetota,Actinomycetes,Micrococcales,Micrococcaceae,Arthrobacter,47,4.25531914893617,51.06382978723404,40.42553191489361,12.76595744680851,91.48936170212765,27.659574468085108,4.25531914893617,0.0,21.27659574468085,12.76595744680851,6.382978723404255,8.51063829787234,4.25531914893617,2.127659574468085
Unknown,Actinomycetota,Actinomycetes,Micrococcales,Micrococcaceae,Glutamicibacter,16,12.5,0.0,6.25,0.0,81.25,6.25,0.0,0.0,0.0,18.75,6.25,0.0,0.0,0.0
Unknown,Actinomycetota,Actinomycetes,Micrococcales,Micrococcaceae,Kocuria,12,16.666666666666664,8.333333333333332,33.33333333333333,0.0,75.0,0.0,0.0,0.0,25.0,8.333333333333332,0.0,0.0,0.0,0.0
Unknown,Actinomycetota,Actinomycetes,Micrococcales,Micrococcaceae,Paenarthrobacter,40,2.5,57.49999999999999,30.0,5.0,90.0,25.0,0.0,0.0,7.5,5.0,0.0,0.0,0.0,0.0
Unknown,Actinomycetota,Actinomycetes,Micrococcales,Micrococcaceae,Pseudarthrobacter,31,3.225806451612903,67.74193548387096,35.483870967741936,12.903225806451612,67.74193548387096,25.806451612903224,3.225806451612903,0.0,9.67741935483871,6.451612903225806,3.225806451612903,3.225806451612903,3.225806451612903,0.0
Unknown,Actinomycetota,Actinomycetes,Micrococcales,Micrococcaceae,Rothia,15,60.0,6.666666666666667,6.666666666666667,0.0,46.666666666666664,0.0,0.0,0.0,13.333333333333334,0.0,0.0,0.0,0.0,0.0
Unknown,Actinomycetota,Actinomycetes,Mycobacteriales,Corynebacteriaceae,Corynebacterium,100,81.0,7.000000000000001,5.0,15.0,51.0,1.0,0.0,0.0,3.0,3.0,5.0,0.0,0.0,0.0
Unknown,Actinomycetota,Actinomycetes,Mycobacteriales,Dietziaceae,Dietzia,18,0.0,5.555555555555555,0.0,38.88888888888889,83.33333333333334,11.11111111111111,0.0,0.0,0.0,11.11111111111111,0.0,0.0,0.0,0.0
Unknown,Actinomycetota,Actinomycetes,Mycobacteriales,Gordoniaceae,Gordonia,28,3.571428571428571,32.142857142857146,17.857142857142858,32.142857142857146,92.85714285714286,25.0,0.0,0.0,0.0,0.0,0.0,0.0,0.0,0.0
Unknown,Actinomycetota,Actinomycetes,Mycobacteriales,Mycobacteriaceae,Mycobacterium,160,8.75,22.5,13.750000000000002,8.75,68.75,5.625,0.0,0.0,13.125,6.875000000000001,0.625,0.0,0.625,0.0
Unknown,Actinomycetota,Actinomycetes,Mycobacteriales,Mycobacteriaceae,Mycobacteroides,58,20.689655172413794,36.206896551724135,8.620689655172415,18.96551724137931,79.3103448275862,18.96551724137931,0.0,0.0,8.620689655172415,0.0,0.0,0.0,0.0,0.0
Unknown,Actinomycetota,Actinomycetes,Mycobacteriales,Mycobacteriaceae,Mycolicibacterium,33,15.151515151515152,27.27272727272727,21.21212121212121,15.151515151515152,78.78787878787878,12.121212121212121,0.0,0.0,18.181818181818183,3.0303030303030303,0.0,0.0,0.0,0.0
Unknown,Actinomycetota,Actinomycetes,Mycobacteriales,Nocardiaceae,Nocardia,35,22.857142857142858,42.857142857142854,20.0,5.714285714285714,82.85714285714286,17.142857142857142,2.857142857142857,14.285714285714285,2.857142857142857,2.857142857142857,11.428571428571429,0.0,2.857142857142857,2.857142857142857
Unknown,Actinomycetota,Actinomycetes,Mycobacteriales,Nocardiaceae,Prescottella,21,38.095238095238095,38.095238095238095,33.33333333333333,42.857142857142854,85.71428571428571,38.095238095238095,0.0,0.0,14.285714285714285,0.0,4.761904761904762,0.0,0.0,0.0
Unknown,Actinomycetota,Actinomycetes,Mycobacteriales,Nocardiaceae,Rhodococcoides,11,0.0,45.45454545454545,36.36363636363637,63.63636363636363,90.9090909090909,0.0,0.0,0.0,0.0,0.0,0.0,0.0,0.0,0.0
Unknown,Actinomycetota,Actinomycetes,Mycobacteriales,Nocardiaceae,Rhodococcus,282,29.78723404255319,24.822695035460992,32.62411347517731,33.687943262411345,89.71631205673759,26.24113475177305,2.4822695035460995,0.0,6.382978723404255,1.773049645390071,3.1914893617021276,0.3546099290780142,0.7092198581560284,0.0
Unknown,Actinomycetota,Actinomycetes,Mycobacteriales,Tsukamurellaceae,Tsukamurella,28,3.571428571428571,7.142857142857142,57.14285714285714,14.285714285714285,96.42857142857143,46.42857142857143,14.285714285714285,7.142857142857142,46.42857142857143,57.14285714285714,53.57142857142857,7.142857142857142,35.714285714285715,10.714285714285714
Unknown,Actinomycetota,Actinomycetes,Pseudonocardiales,Pseudonocardiaceae,Amycolatopsis,13,23.076923076923077,23.076923076923077,15.384615384615385,7.6923076923076925,84.61538461538461,23.076923076923077,0.0,0.0,0.0,0.0,7.6923076923076925,0.0,0.0,0.0
Unknown,Actinomycetota,Actinomycetes,Pseudonocardiales,Pseudonocardiaceae,Pseudonocardia,18,27.77777777777778,44.44444444444444,38.88888888888889,33.33333333333333,88.88888888888889,27.77777777777778,0.0,0.0,0.0,0.0,0.0,0.0,5.555555555555555,0.0
Unknown,Bacillota,Bacilli,Bacillales,Alicyclobacillaceae,Alicyclobacillus,17,17.647058823529413,11.76470588235294,23.52941176470588,35.294117647058826,52.94117647058824,23.52941176470588,0.0,0.0,23.52941176470588,0.0,0.0,0.0,0.0,0.0
Unknown,Bacillota,Bacilli,Bacillales,Anoxybacillaceae,Geobacillus,15,93.33333333333333,0.0,26.666666666666668,40.0,73.33333333333333,13.333333333333334,0.0,0.0,13.333333333333334,13.333333333333334,0.0,6.666666666666667,0.0,0.0
Unknown,Bacillota,Bacilli,Bacillales,Anoxybacillaceae,Parageobacillus,15,66.66666666666666,0.0,13.333333333333334,40.0,86.66666666666667,6.666666666666667,0.0,0.0,6.666666666666667,0.0,0.0,0.0,0.0,0.0
Unknown,Bacillota,Bacilli,Bacillales,Bacillaceae,Bacillus,1977,62.87303995953465,0.05058168942842691,46.63631765300961,37.93626707132019,65.55386949924127,12.038442083965604,6.929691451694486,0.20232675771370764,10.97622660596864,4.046535154274153,3.1360647445624683,1.9726858877086493,1.062215477996965,0.556398583712696
Unknown,Bacillota,Bacilli,Bacillales,Bacillaceae,Cytobacillus,13,46.15384615384615,0.0,84.61538461538461,92.3076923076923,92.3076923076923,69.23076923076923,7.6923076923076925,0.0,23.076923076923077,7.6923076923076925,15.384615384615385,0.0,7.6923076923076925,0.0
Unknown,Bacillota,Bacilli,Bacillales,Bacillaceae,Lysinibacillus,26,46.15384615384615,0.0,34.61538461538461,38.46153846153847,46.15384615384615,23.076923076923077,3.8461538461538463,0.0,7.6923076923076925,0.0,3.8461538461538463,7.6923076923076925,3.8461538461538463,3.8461538461538463
Unknown,Bacillota,Bacilli,Bacillales,Bacillaceae,Peribacillus,32,31.25,12.5,25.0,9.375,78.125,25.0,6.25,3.125,25.0,0.0,3.125,25.0,3.125,0.0
Unknown,Bacillota,Bacilli,Bacillales,Bacillaceae,Priestia,457,78.33698030634574,0.437636761487965,31.50984682713348,1.312910284463895,84.24507658643327,22.975929978118163,5.25164113785558,0.437636761487965,32.38512035010941,2.62582056892779,4.157549234135667,18.161925601750546,2.1881838074398248,0.2188183807439825
Unknown,Bacillota,Bacilli,Bacillales,Caryophanaceae,Planococcus,35,65.71428571428571,0.0,20.0,11.428571428571429,60.0,8.571428571428571,2.857142857142857,0.0,8.571428571428571,0.0,5.714285714285714,2.857142857142857,0.0,0.0
Unknown,Bacillota,Bacilli,Bacillales,Listeriaceae,Listeria,139,17.26618705035971,0.0,0.7194244604316548,43.884892086330936,96.40287769784173,0.7194244604316548,0.7194244604316548,0.7194244604316548,0.7194244604316548,0.7194244604316548,1.4388489208633095,0.7194244604316548,0.7194244604316548,0.0
Unknown,Bacillota,Bacilli,Bacillales,Paenibacillaceae,Brevibacillus,23,47.82608695652174,0.0,26.08695652173913,30.434782608695656,65.21739130434783,13.043478260869565,13.043478260869565,0.0,13.043478260869565,8.695652173913043,8.695652173913043,8.695652173913043,4.3478260869565215,8.695652173913043
Unknown,Bacillota,Bacilli,Bacillales,Paenibacillaceae,Paenibacillus,116,42.241379310344826,2.586206896551724,37.93103448275862,29.310344827586203,75.0,25.862068965517242,6.0344827586206895,2.586206896551724,11.206896551724139,7.758620689655173,5.172413793103448,10.344827586206897,8.620689655172415,1.7241379310344827
Unknown,Bacillota,Bacilli,Bacillales,Staphylococcaceae,Macrococcoides,54,66.66666666666666,0.0,3.7037037037037033,16.666666666666664,35.18518518518518,1.8518518518518516,0.0,0.0,1.8518518518518516,0.0,0.0,0.0,1.8518518518518516,0.0
Unknown,Bacillota,Bacilli,Bacillales,Staphylococcaceae,Macrococcus,54,77.77777777777779,0.0,3.7037037037037033,7.4074074074074066,18.51851851851852,0.0,0.0,0.0,0.0,0.0,0.0,0.0,0.0,0.0
Unknown,Bacillota,Bacilli,Bacillales,Staphylococcaceae,Mammaliicoccus,65,93.84615384615384,0.0,6.153846153846154,6.153846153846154,20.0,1.5384615384615385,3.076923076923077,0.0,0.0,0.0,0.0,0.0,0.0,0.0
Unknown,Bacillota,Bacilli,Bacillales,Staphylococcaceae,Staphylococcus,2542,93.74508261211645,0.0,7.474429583005507,4.563335955940205,46.10542879622345,0.865460267505901,0.3147128245476003,0.03933910306845004,1.2195121951219512,0.4327301337529505,4.327301337529504,0.1966955153422502,0.5900865460267506,0.03933910306845004
Unknown,Bacillota,Bacilli,Bacillales,Unknown,Exiguobacterium,36,13.88888888888889,2.7777777777777777,16.666666666666664,2.7777777777777777,41.66666666666667,2.7777777777777777,0.0,0.0,8.333333333333332,0.0,2.7777777777777777,0.0,0.0,0.0
Unknown,Bacillota,Bacilli,Lactobacillales,Carnobacteriaceae,Carnobacterium,25,68.0,0.0,4.0,8.0,72.0,0.0,0.0,0.0,4.0,0.0,0.0,0.0,0.0,0.0
Unknown,Bacillota,Bacilli,Lactobacillales,Enterococcaceae,Enterococcus,2261,85.5373728438744,2.6536930561698364,14.993365767359576,35.16143299425033,45.42237947810703,2.8748341441839895,6.5015479876160995,0.30959752321981426,2.2556390977443606,1.105705440070765,1.7691287041132244,0.08845643520566121,0.4422821760283061,0.26536930561698363
Unknown,Bacillota,Bacilli,Lactobacillales,Enterococcaceae,Vagococcus,44,72.72727272727273,0.0,4.545454545454546,11.363636363636363,34.090909090909086,0.0,2.272727272727273,0.0,11.363636363636363,6.8181818181818175,0.0,0.0,0.0,4.545454545454546
Unknown,Bacillota,Bacilli,Lactobacillales,Lactobacillaceae,Companilactobacillus,45,93.33333333333333,0.0,6.666666666666667,20.0,22.22222222222222,0.0,0.0,0.0,4.444444444444445,0.0,2.2222222222222223,0.0,0.0,0.0
Unknown,Bacillota,Bacilli,Lactobacillales,Lactobacillaceae,Fructilactobacillus,15,46.666666666666664,0.0,6.666666666666667,20.0,53.333333333333336,0.0,0.0,0.0,0.0,0.0,0.0,0.0,0.0,0.0
Unknown,Bacillota,Bacilli,Lactobacillales,Lactobacillaceae,Lacticaseibacillus,249,85.54216867469879,0.0,14.056224899598394,19.27710843373494,42.971887550200805,1.2048192771084338,21.285140562248998,10.843373493975903,1.2048192771084338,0.8032128514056224,0.0,0.0,0.0,0.0
Unknown,Bacillota,Bacilli,Lactobacillales,Lactobacillaceae,Lactiplantibacillus,1046,70.74569789674953,0.28680688336520077,2.581261950286807,47.22753346080306,50.382409177820264,0.5736137667304015,0.47801147227533464,0.47801147227533464,1.338432122370937,0.19120458891013384,0.19120458891013384,0.28680688336520077,1.4340344168260037,0.19120458891013384
Unknown,Bacillota,Bacilli,Lactobacillales,Lactobacillaceae,Lactobacillus,144,73.61111111111111,0.0,12.5,33.33333333333333,44.44444444444444,1.3888888888888888,1.3888888888888888,0.0,7.638888888888889,0.0,0.6944444444444444,0.0,0.0,0.6944444444444444
Unknown,Bacillota,Bacilli,Lactobacillales,Lactobacillaceae,Latilactobacillus,90,91.11111111111111,0.0,1.1111111111111112,41.11111111111111,41.11111111111111,3.3333333333333335,1.1111111111111112,0.0,5.555555555555555,1.1111111111111112,1.1111111111111112,2.2222222222222223,0.0,0.0
Unknown,Bacillota,Bacilli,Lactobacillales,Lactobacillaceae,Lentilactobacillus,39,82.05128205128204,0.0,7.6923076923076925,43.58974358974359,43.58974358974359,0.0,0.0,0.0,2.564102564102564,0.0,0.0,0.0,0.0,0.0
Unknown,Bacillota,Bacilli,Lactobacillales,Lactobacillaceae,Leuconostoc,189,61.37566137566137,0.0,22.75132275132275,3.1746031746031744,61.37566137566137,0.0,0.0,0.0,1.0582010582010581,0.5291005291005291,0.0,1.0582010582010581,0.0,0.5291005291005291
Unknown,Bacillota,Bacilli,Lactobacillales,Lactobacillaceae,Levilactobacillus,172,66.86046511627907,0.0,4.651162790697675,26.16279069767442,51.162790697674424,0.0,1.744186046511628,0.5813953488372093,8.13953488372093,0.0,0.0,0.5813953488372093,0.5813953488372093,0.0
Unknown,Bacillota,Bacilli,Lactobacillales,Lactobacillaceae,Ligilactobacillus,113,92.92035398230088,0.0,10.619469026548673,20.353982300884958,61.06194690265486,0.8849557522123894,23.893805309734514,0.0,9.734513274336283,7.079646017699115,0.0,0.0,33.6283185840708,0.0
Unknown,Bacillota,Bacilli,Lactobacillales,Lactobacillaceae,Limosilactobacillus,85,67.05882352941175,0.0,3.5294117647058822,17.647058823529413,41.17647058823529,0.0,3.5294117647058822,0.0,5.88235294117647,1.1764705882352942,3.5294117647058822,0.0,0.0,0.0
Unknown,Bacillota,Bacilli,Lactobacillales,Lactobacillaceae,Liquorilactobacillus,12,83.33333333333334,0.0,0.0,33.33333333333333,66.66666666666666,0.0,0.0,0.0,0.0,0.0,0.0,0.0,0.0,0.0
Unknown,Bacillota,Bacilli,Lactobacillales,Lactobacillaceae,Loigolactobacillus,46,91.30434782608695,0.0,4.3478260869565215,28.26086956521739,50.0,0.0,0.0,0.0,0.0,0.0,0.0,0.0,0.0,0.0
Unknown,Bacillota,Bacilli,Lactobacillales,Lactobacillaceae,Pediococcus,172,88.95348837209302,0.0,5.232558139534884,33.13953488372093,51.74418604651163,0.5813953488372093,0.5813953488372093,3.488372093023256,0.5813953488372093,0.0,1.1627906976744187,0.0,3.488372093023256,0.0
Unknown,Bacillota,Bacilli,Lactobacillales,Lactobacillaceae,Secundilactobacillus,20,90.0,0.0,20.0,40.0,55.00000000000001,0.0,0.0,0.0,15.0,0.0,0.0,0.0,0.0,0.0
Unknown,Bacillota,Bacilli,Lactobacillales,Lactobacillaceae,Weissella,69,52.17391304347826,0.0,2.898550724637681,2.898550724637681,44.927536231884055,1.4492753623188406,0.0,0.0,0.0,0.0,0.0,0.0,0.0,0.0
Unknown,Bacillota,Bacilli,Lactobacillales,Streptococcaceae,Lactococcus,595,98.31932773109243,10.420168067226891,5.714285714285714,6.722689075630252,40.50420168067227,0.16806722689075632,0.16806722689075632,0.0,8.403361344537815,0.5042016806722689,0.0,0.0,0.0,0.0
Unknown,Bacillota,Bacilli,Lactobacillales,Streptococcaceae,Pseudolactococcus,12,100.0,0.0,8.333333333333332,8.333333333333332,66.66666666666666,8.333333333333332,0.0,0.0,8.333333333333332,0.0,0.0,0.0,0.0,0.0
Unknown,Bacillota,Bacilli,Lactobacillales,Streptococcaceae,Streptococcus,164,81.09756097560977,0.0,14.634146341463413,12.195121951219512,29.268292682926827,1.2195121951219512,1.2195121951219512,0.0,2.4390243902439024,3.048780487804878,0.6097560975609756,1.8292682926829267,1.2195121951219512,0.0
Unknown,Bacillota,Clostridia,Eubacteriales,Clostridiaceae,Clostridium,567,42.68077601410935,11.816578483245149,27.336860670194003,22.39858906525573,62.08112874779541,30.158730158730158,2.6455026455026456,2.9982363315696645,6.525573192239858,2.9982363315696645,3.1746031746031744,0.1763668430335097,0.5291005291005291,0.0
Unknown,Bacillota,Clostridia,Monoglobales,Monoglobaceae,Monoglobus,20,10.0,10.0,35.0,30.0,65.0,20.0,15.0,10.0,55.00000000000001,45.0,30.0,20.0,35.0,25.0
Unknown,Bacillota,Clostridia,Peptostreptococcales,Peptostreptococcaceae,Clostridioides,132,25.757575757575758,2.272727272727273,18.939393939393938,36.36363636363637,59.09090909090909,40.909090909090914,25.757575757575758,10.606060606060606,23.484848484848484,18.181818181818183,12.878787878787879,18.181818181818183,9.848484848484848,0.0
Unknown,Bacillota,Clostridia,Peptostreptococcales,Peptostreptococcaceae,Paraclostridium,34,61.76470588235294,0.0,20.588235294117645,0.0,79.41176470588235,50.0,2.941176470588235,0.0,11.76470588235294,0.0,14.705882352941178,0.0,0.0,0.0
Unknown,Bacillota,Clostridia,Peptostreptococcales,Peptostreptococcaceae,Terrisporobacter,12,8.333333333333332,0.0,8.333333333333332,8.333333333333332,83.33333333333334,0.0,0.0,0.0,66.66666666666666,66.66666666666666,0.0,0.0,0.0,0.0
Unknown,Bacillota,Negativicutes,Selenomonadales,Selenomonadaceae,Selenomonas,11,63.63636363636363,18.181818181818183,18.181818181818183,27.27272727272727,45.45454545454545,0.0,0.0,0.0,9.090909090909092,9.090909090909092,0.0,0.0,0.0,0.0
Unknown,Bacteroidota,Bacteroidia,Bacteroidales,Bacteroidaceae,Bacteroides,130,74.61538461538461,1.5384615384615385,13.846153846153847,14.615384615384617,35.38461538461539,1.5384615384615385,8.461538461538462,0.0,3.8461538461538463,1.5384615384615385,0.7692307692307693,0.0,0.7692307692307693,0.0
Unknown,Bacteroidota,Bacteroidia,Bacteroidales,Bacteroidaceae,Phocaeicola,26,76.92307692307693,7.6923076923076925,7.6923076923076925,15.384615384615385,34.61538461538461,0.0,0.0,0.0,0.0,0.0,0.0,0.0,0.0,0.0
Unknown,Bacteroidota,Bacteroidia,Bacteroidales,Prevotellaceae,Prevotella,19,73.68421052631578,5.263157894736842,21.052631578947366,21.052631578947366,26.31578947368421,15.789473684210526,5.263157894736842,5.263157894736842,15.789473684210526,15.789473684210526,15.789473684210526,15.789473684210526,15.789473684210526,5.263157894736842
Unknown,Bacteroidota,Bacteroidia,Bacteroidales,Tannerellaceae,Parabacteroides,25,64.0,0.0,24.0,0.0,36.0,4.0,24.0,0.0,0.0,4.0,0.0,4.0,0.0,0.0
Unknown,Bacteroidota,Cytophagia,Cytophagales,Bernardetiaceae,Bernardetia,12,16.666666666666664,0.0,8.333333333333332,8.333333333333332,25.0,8.333333333333332,0.0,0.0,8.333333333333332,8.333333333333332,8.333333333333332,0.0,8.333333333333332,8.333333333333332
Unknown,Bacteroidota,Cytophagia,Cytophagales,Cytophagaceae,Spirosoma,24,91.66666666666666,4.166666666666666,8.333333333333332,0.0,66.66666666666666,37.5,4.166666666666666,0.0,16.666666666666664,4.166666666666666,0.0,0.0,0.0,0.0
Unknown,Bacteroidota,Cytophagia,Cytophagales,Flammeovirgaceae,Chondrinema,28,57.14285714285714,0.0,14.285714285714285,7.142857142857142,92.85714285714286,71.42857142857143,3.571428571428571,0.0,3.571428571428571,7.142857142857142,3.571428571428571,0.0,3.571428571428571,3.571428571428571
Unknown,Bacteroidota,Cytophagia,Cytophagales,Hymenobacteraceae,Hymenobacter,82,95.1219512195122,2.4390243902439024,19.51219512195122,12.195121951219512,70.73170731707317,29.268292682926827,0.0,0.0,2.4390243902439024,3.6585365853658534,0.0,3.6585365853658534,0.0,0.0
Unknown,Bacteroidota,Cytophagia,Cytophagales,Persicobacteraceae,Fulvitalea,14,100.0,14.285714285714285,28.57142857142857,0.0,71.42857142857143,42.857142857142854,0.0,0.0,14.285714285714285,14.285714285714285,7.142857142857142,7.142857142857142,0.0,7.142857142857142
Unknown,Bacteroidota,Cytophagia,Cytophagales,Persicobacteraceae,Persicobacter,12,100.0,58.333333333333336,16.666666666666664,8.333333333333332,91.66666666666666,33.33333333333333,0.0,0.0,16.666666666666664,16.666666666666664,8.333333333333332,8.333333333333332,0.0,8.333333333333332
Unknown,Bacteroidota,Cytophagia,Cytophagales,Spirosomataceae,Runella,14,92.85714285714286,0.0,21.428571428571427,0.0,57.14285714285714,14.285714285714285,0.0,0.0,0.0,7.142857142857142,0.0,0.0,0.0,0.0
Unknown,Bacteroidota,Flavobacteriia,Flavobacteriales,Blattabacteriaceae,Blattabacterium,13,0.0,0.0,0.0,0.0,7.6923076923076925,0.0,0.0,0.0,0.0,0.0,0.0,0.0,0.0,0.0
Unknown,Bacteroidota,Flavobacteriia,Flavobacteriales,Flavobacteriaceae,Flavobacterium,19,57.89473684210527,5.263157894736842,5.263157894736842,31.57894736842105,10.526315789473683,5.263157894736842,5.263157894736842,5.263157894736842,10.526315789473683,5.263157894736842,5.263157894736842,10.526315789473683,5.263157894736842,5.263157894736842
Unknown,Bacteroidota,Flavobacteriia,Flavobacteriales,Weeksellaceae,Chryseobacterium,19,36.84210526315789,5.263157894736842,26.31578947368421,15.789473684210526,47.368421052631575,0.0,0.0,5.263157894736842,10.526315789473683,0.0,0.0,5.263157894736842,5.263157894736842,0.0
Unknown,Bacteroidota,Flavobacteriia,Flavobacteriales,Weeksellaceae,Empedobacter,12,100.0,0.0,0.0,0.0,41.66666666666667,0.0,0.0,0.0,0.0,0.0,0.0,0.0,0.0,0.0
Unknown,Bacteroidota,Flavobacteriia,Flavobacteriales,Weeksellaceae,Riemerella,14,57.14285714285714,0.0,0.0,0.0,42.857142857142854,0.0,0.0,0.0,0.0,28.57142857142857,28.57142857142857,0.0,28.57142857142857,0.0
Unknown,Campylobacterota,Epsilonproteobacteria,Campylobacterales,Arcobacteraceae,Aliarcobacter,19,84.21052631578947,78.94736842105263,47.368421052631575,68.42105263157895,73.68421052631578,0.0,0.0,0.0,10.526315789473683,10.526315789473683,0.0,5.263157894736842,0.0,0.0
Unknown,Campylobacterota,Epsilonproteobacteria,Campylobacterales,Campylobacteraceae,Campylobacter,384,53.125,1.5625,1.8229166666666667,47.65625,55.989583333333336,2.083333333333333,0.26041666666666663,0.26041666666666663,0.26041666666666663,1.0416666666666665,0.78125,0.5208333333333333,0.5208333333333333,0.5208333333333333
Unknown,Campylobacterota,Epsilonproteobacteria,Campylobacterales,Helicobacteraceae,Helicobacter,123,92.6829268292683,0.0,0.8130081300813009,6.504065040650407,2.4390243902439024,0.0,0.0,0.0,0.0,0.0,0.0,0.0,0.0,0.0
Unknown,Chlamydiota,Chlamydiia,Chlamydiales,Chlamydiaceae,Chlamydia,84,0.0,0.0,0.0,100.0,0.0,0.0,0.0,0.0,0.0,0.0,0.0,0.0,0.0,0.0
Unknown,Cyanobacteriota,Cyanophyceae,Acaryochloridales,Acaryochloridaceae,Acaryochloris,29,44.827586206896555,58.620689655172406,55.172413793103445,13.793103448275861,82.75862068965517,82.75862068965517,0.0,0.0,3.4482758620689653,0.0,13.793103448275861,0.0,0.0,10.344827586206897
Unknown,Cyanobacteriota,Cyanophyceae,Chroococcales,Aphanothecaceae,Gloeothece,12,25.0,50.0,25.0,41.66666666666667,58.333333333333336,16.666666666666664,0.0,0.0,0.0,8.333333333333332,0.0,0.0,8.333333333333332,0.0
Unknown,Cyanobacteriota,Cyanophyceae,Chroococcales,Geminocystaceae,Cyanobacterium,17,23.52941176470588,5.88235294117647,23.52941176470588,17.647058823529413,11.76470588235294,0.0,0.0,0.0,0.0,0.0,0.0,0.0,0.0,0.0
Unknown,Cyanobacteriota,Cyanophyceae,Chroococcales,Geminocystaceae,Geminocystis,16,50.0,18.75,18.75,12.5,31.25,6.25,0.0,0.0,0.0,0.0,0.0,0.0,0.0,0.0
Unknown,Cyanobacteriota,Cyanophyceae,Chroococcales,Geminocystaceae,Picosynechococcus,24,16.666666666666664,45.83333333333333,12.5,0.0,41.66666666666667,8.333333333333332,8.333333333333332,0.0,16.666666666666664,4.166666666666666,0.0,0.0,0.0,0.0
Unknown,Cyanobacteriota,Cyanophyceae,Leptolyngbyales,Leptolyngbyaceae,Leptolyngbya,16,43.75,50.0,50.0,31.25,87.5,25.0,0.0,0.0,0.0,0.0,0.0,6.25,0.0,18.75
Unknown,Cyanobacteriota,Cyanophyceae,Nostocales,Nostocaceae,Anabaena,36,16.666666666666664,63.888888888888886,44.44444444444444,30.555555555555557,44.44444444444444,16.666666666666664,0.0,0.0,11.11111111111111,0.0,0.0,0.0,0.0,5.555555555555555
Unknown,Cyanobacteriota,Cyanophyceae,Nostocales,Nostocaceae,Nostoc,142,39.436619718309856,53.52112676056338,33.80281690140845,32.3943661971831,61.267605633802816,28.87323943661972,1.4084507042253522,0.7042253521126761,8.450704225352112,7.042253521126761,0.7042253521126761,0.0,2.8169014084507045,2.8169014084507045
Unknown,Cyanobacteriota,Cyanophyceae,Nostocales,Tolypothrichaceae,Tolypothrix,35,22.857142857142858,74.28571428571429,14.285714285714285,11.428571428571429,40.0,11.428571428571429,0.0,0.0,8.571428571428571,8.571428571428571,0.0,0.0,11.428571428571429,0.0
Unknown,Cyanobacteriota,Cyanophyceae,Oscillatoriales,Microcoleaceae,Planktothrix,19,47.368421052631575,42.10526315789473,36.84210526315789,5.263157894736842,26.31578947368421,10.526315789473683,0.0,0.0,0.0,0.0,0.0,0.0,0.0,0.0
Unknown,Cyanobacteriota,Cyanophyceae,Pseudanabaenales,Pseudanabaenaceae,Pseudanabaena,12,41.66666666666667,58.333333333333336,50.0,58.333333333333336,66.66666666666666,8.333333333333332,33.33333333333333,0.0,0.0,0.0,0.0,0.0,0.0,0.0
Unknown,Cyanobacteriota,Cyanophyceae,Synechococcales,Merismopediaceae,Synechocystis,35,34.285714285714285,14.285714285714285,60.0,0.0,57.14285714285714,0.0,14.285714285714285,0.0,0.0,14.285714285714285,0.0,0.0,0.0,0.0
Unknown,Cyanobacteriota,Cyanophyceae,Synechococcales,Synechococcaceae,Synechococcus,43,46.51162790697674,20.930232558139537,2.3255813953488373,0.0,23.25581395348837,0.0,2.3255813953488373,0.0,0.0,0.0,0.0,0.0,0.0,0.0
Unknown,Deinococcota,Deinococci,Deinococcales,Deinococcaceae,Deinococcus,144,70.83333333333334,59.72222222222222,39.58333333333333,31.944444444444443,87.5,13.88888888888889,0.6944444444444444,0.6944444444444444,11.11111111111111,7.638888888888889,5.555555555555555,4.166666666666666,0.6944444444444444,4.861111111111112
Unknown,Deinococcota,Deinococci,Thermales,Thermaceae,Thermus,85,45.88235294117647,61.1764705882353,37.64705882352941,12.941176470588237,72.94117647058823,28.235294117647058,17.647058823529413,0.0,3.5294117647058822,1.1764705882352942,1.1764705882352942,0.0,1.1764705882352942,0.0
Unknown,Fusobacteriota,Fusobacteriia,Fusobacteriales,Fusobacteriaceae,Cetobacterium,43,46.51162790697674,4.651162790697675,23.25581395348837,6.976744186046512,74.4186046511628,30.23255813953488,13.953488372093023,0.0,27.906976744186046,16.27906976744186,0.0,16.27906976744186,0.0,2.3255813953488373
Unknown,Fusobacteriota,Fusobacteriia,Fusobacteriales,Fusobacteriaceae,Fusobacterium,52,57.692307692307686,0.0,15.384615384615385,11.538461538461538,9.615384615384617,1.9230769230769231,1.9230769230769231,1.9230769230769231,3.8461538461538463,3.8461538461538463,1.9230769230769231,3.8461538461538463,3.8461538461538463,3.8461538461538463
Unknown,Fusobacteriota,Fusobacteriia,Fusobacteriales,Leptotrichiaceae,Leptotrichia,19,73.68421052631578,0.0,63.1578947368421,0.0,26.31578947368421,0.0,0.0,0.0,0.0,0.0,0.0,0.0,0.0,0.0
Unknown,Methanobacteriota,Halobacteria,Halobacteriales,Haladaptataceae,Haladaptatus,38,55.26315789473685,0.0,47.368421052631575,26.31578947368421,94.73684210526315,7.894736842105263,2.631578947368421,7.894736842105263,36.84210526315789,13.157894736842104,34.21052631578947,10.526315789473683,5.263157894736842,5.263157894736842
Unknown,Methanobacteriota,Halobacteria,Halobacteriales,Haladaptataceae,Halorussus,28,75.0,0.0,46.42857142857143,14.285714285714285,85.71428571428571,3.571428571428571,0.0,25.0,14.285714285714285,28.57142857142857,0.0,17.857142857142858,3.571428571428571,0.0
Unknown,Methanobacteriota,Halobacteria,Halobacteriales,Haloarculaceae,Haloarcula,58,67.24137931034483,6.896551724137931,31.03448275862069,15.517241379310345,96.55172413793103,3.4482758620689653,0.0,1.7241379310344827,12.068965517241379,6.896551724137931,0.0,18.96551724137931,17.24137931034483,3.4482758620689653
Unknown,Methanobacteriota,Halobacteria,Halobacteriales,Haloarculaceae,Halomicrobium,13,38.46153846153847,0.0,69.23076923076923,15.384615384615385,84.61538461538461,7.6923076923076925,0.0,7.6923076923076925,23.076923076923077,7.6923076923076925,0.0,53.84615384615385,0.0,0.0
Unknown,Methanobacteriota,Halobacteria,Halobacteriales,Halobacteriaceae,Halobacterium,38,63.1578947368421,0.0,42.10526315789473,26.31578947368421,84.21052631578947,0.0,0.0,10.526315789473683,7.894736842105263,0.0,23.684210526315788,0.0,0.0,2.631578947368421
Unknown,Methanobacteriota,Halobacteria,Halobacteriales,Haloferacaceae,Halobaculum,17,58.82352941176471,0.0,47.05882352941176,11.76470588235294,88.23529411764706,5.88235294117647,0.0,5.88235294117647,23.52941176470588,11.76470588235294,23.52941176470588,0.0,0.0,0.0
Unknown,Methanobacteriota,Halobacteria,Halobacteriales,Haloferacaceae,Haloferax,44,52.27272727272727,0.0,22.727272727272727,13.636363636363635,97.72727272727273,0.0,0.0,6.8181818181818175,11.363636363636363,9.090909090909092,18.181818181818183,0.0,11.363636363636363,0.0
Unknown,Methanobacteriota,Halobacteria,Halobacteriales,Haloferacaceae,Haloplanus,15,66.66666666666666,0.0,60.0,86.66666666666667,86.66666666666667,0.0,0.0,13.333333333333334,20.0,6.666666666666667,0.0,0.0,0.0,0.0
Unknown,Methanobacteriota,Halobacteria,Halobacteriales,Haloferacaceae,Halorubrum,13,69.23076923076923,0.0,69.23076923076923,23.076923076923077,92.3076923076923,0.0,0.0,0.0,7.6923076923076925,7.6923076923076925,0.0,7.6923076923076925,7.6923076923076925,0.0
Unknown,Methanobacteriota,Halobacteria,Halobacteriales,Natrialbaceae,Haloterrigena,17,70.58823529411765,0.0,17.647058823529413,17.647058823529413,88.23529411764706,5.88235294117647,0.0,0.0,5.88235294117647,5.88235294117647,5.88235294117647,0.0,11.76470588235294,0.0
Unknown,Methanobacteriota,Halobacteria,Halobacteriales,Natrialbaceae,Natrinema,37,62.16216216216216,2.7027027027027026,45.94594594594595,27.027027027027028,89.1891891891892,13.513513513513514,0.0,0.0,16.216216216216218,8.108108108108109,8.108108108108109,5.405405405405405,10.81081081081081,5.405405405405405
Unknown,Methanobacteriota,Halobacteria,Halobacteriales,Natronomonadaceae,Halocatena,13,84.61538461538461,7.6923076923076925,46.15384615384615,7.6923076923076925,92.3076923076923,0.0,0.0,23.076923076923077,0.0,0.0,23.076923076923077,0.0,15.384615384615385,0.0
Unknown,Methanobacteriota,Halobacteria,Halobacteriales,Natronomonadaceae,Halomarina,14,28.57142857142857,0.0,21.428571428571427,7.142857142857142,78.57142857142857,0.0,0.0,0.0,7.142857142857142,0.0,0.0,0.0,0.0,0.0
Unknown,Mycoplasmatota,Mollicutes,Entomoplasmatales,Spiroplasmataceae,Spiroplasma,61,13.114754098360656,0.0,3.278688524590164,1.639344262295082,4.918032786885246,0.0,0.0,0.0,0.0,3.278688524590164,1.639344262295082,0.0,0.0,0.0
Unknown,Mycoplasmatota,Unknown,Mycoplasmoidales,Metamycoplasmataceae,Mycoplasmopsis,37,0.0,0.0,8.108108108108109,8.108108108108109,8.108108108108109,5.405405405405405,5.405405405405405,2.7027027027027026,5.405405405405405,16.216216216216218,8.108108108108109,16.216216216216218,8.108108108108109,5.405405405405405
Unknown,Pseudomonadota,Acidithiobacillia,Acidithiobacillales,Acidithiobacillaceae,Acidithiobacillus,32,50.0,21.875,12.5,15.625,34.375,3.125,0.0,0.0,3.125,9.375,3.125,0.0,3.125,0.0
Unknown,Pseudomonadota,Alphaproteobacteria,Acetobacterales,Acetobacteraceae,Acetobacter,106,62.264150943396224,22.641509433962266,15.09433962264151,1.8867924528301887,62.264150943396224,1.8867924528301887,0.0,0.0,2.8301886792452833,6.60377358490566,3.7735849056603774,0.9433962264150944,0.0,0.0
Unknown,Pseudomonadota,Alphaproteobacteria,Acetobacterales,Acetobacteraceae,Gluconobacter,25,72.0,36.0,12.0,0.0,64.0,4.0,0.0,0.0,0.0,4.0,12.0,0.0,0.0,0.0
Unknown,Pseudomonadota,Alphaproteobacteria,Acetobacterales,Acetobacteraceae,Komagataeibacter,82,70.73170731707317,45.1219512195122,12.195121951219512,1.2195121951219512,64.63414634146342,7.317073170731707,0.0,0.0,6.097560975609756,7.317073170731707,0.0,0.0,0.0,0.0
Unknown,Pseudomonadota,Alphaproteobacteria,Acetobacterales,Acetobacteraceae,Kozakia,16,87.5,43.75,37.5,0.0,75.0,6.25,0.0,0.0,0.0,6.25,0.0,0.0,0.0,0.0
Unknown,Pseudomonadota,Alphaproteobacteria,Acetobacterales,Acidocellaceae,Acidiphilium,21,76.19047619047619,33.33333333333333,33.33333333333333,9.523809523809524,52.38095238095239,4.761904761904762,0.0,0.0,4.761904761904762,0.0,0.0,0.0,0.0,0.0
Unknown,Pseudomonadota,Alphaproteobacteria,Acetobacterales,Roseomonadaceae,Roseomonas,74,63.51351351351351,39.189189189189186,39.189189189189186,1.3513513513513513,78.37837837837837,12.162162162162163,0.0,0.0,5.405405405405405,36.486486486486484,2.7027027027027026,1.3513513513513513,0.0,2.7027027027027026
Unknown,Pseudomonadota,Alphaproteobacteria,Geminicoccales,Geminicoccaceae,Tistrella,48,70.83333333333334,39.58333333333333,41.66666666666667,37.5,100.0,75.0,0.0,0.0,12.5,47.91666666666667,20.833333333333336,4.166666666666666,2.083333333333333,0.0
Unknown,Pseudomonadota,Alphaproteobacteria,Hyphomicrobiales,Amorphaceae,Acuticoccus,11,100.0,54.54545454545454,0.0,9.090909090909092,63.63636363636363,0.0,0.0,0.0,9.090909090909092,0.0,0.0,9.090909090909092,0.0,0.0
Unknown,Pseudomonadota,Alphaproteobacteria,Hyphomicrobiales,Aurantimonadaceae,Aureimonas,13,53.84615384615385,53.84615384615385,7.6923076923076925,0.0,69.23076923076923,15.384615384615385,0.0,0.0,15.384615384615385,0.0,0.0,15.384615384615385,15.384615384615385,0.0
Unknown,Pseudomonadota,Alphaproteobacteria,Hyphomicrobiales,Aurantimonadaceae,Martelella,11,100.0,100.0,27.27272727272727,9.090909090909092,100.0,27.27272727272727,0.0,0.0,18.181818181818183,27.27272727272727,0.0,0.0,0.0,0.0
Unknown,Pseudomonadota,Alphaproteobacteria,Hyphomicrobiales,Bartonellaceae,Bartonella,27,66.66666666666666,33.33333333333333,14.814814814814813,14.814814814814813,44.44444444444444,22.22222222222222,14.814814814814813,7.4074074074074066,7.4074074074074066,11.11111111111111,11.11111111111111,0.0,11.11111111111111,3.7037037037037033
Unknown,Pseudomonadota,Alphaproteobacteria,Hyphomicrobiales,Boseaceae,Bosea,12,91.66666666666666,75.0,66.66666666666666,25.0,100.0,25.0,0.0,8.333333333333332,25.0,16.666666666666664,8.333333333333332,8.333333333333332,0.0,8.333333333333332
Unknown,Pseudomonadota,Alphaproteobacteria,Hyphomicrobiales,Brucellaceae,Brucella,29,65.51724137931035,75.86206896551724,24.137931034482758,6.896551724137931,75.86206896551724,20.689655172413794,0.0,13.793103448275861,6.896551724137931,6.896551724137931,0.0,0.0,0.0,0.0
Unknown,Pseudomonadota,Alphaproteobacteria,Hyphomicrobiales,Brucellaceae,Pseudochrobactrum,14,78.57142857142857,100.0,7.142857142857142,28.57142857142857,78.57142857142857,28.57142857142857,0.0,0.0,35.714285714285715,0.0,0.0,0.0,0.0,0.0
Unknown,Pseudomonadota,Alphaproteobacteria,Hyphomicrobiales,Methylobacteriaceae,Methylobacterium,80,30.0,36.25,10.0,12.5,73.75,22.5,3.75,1.25,18.75,7.5,7.5,7.5,2.5,2.5
Unknown,Pseudomonadota,Alphaproteobacteria,Hyphomicrobiales,Methylobacteriaceae,Methylorubrum,19,47.368421052631575,52.63157894736842,10.526315789473683,5.263157894736842,84.21052631578947,10.526315789473683,0.0,0.0,5.263157894736842,10.526315789473683,5.263157894736842,0.0,0.0,0.0
Unknown,Pseudomonadota,Alphaproteobacteria,Hyphomicrobiales,Methylobacteriaceae,Microvirga,19,94.73684210526315,94.73684210526315,68.42105263157895,42.10526315789473,94.73684210526315,78.94736842105263,0.0,0.0,73.68421052631578,31.57894736842105,15.789473684210526,10.526315789473683,5.263157894736842,10.526315789473683
Unknown,Pseudomonadota,Alphaproteobacteria,Hyphomicrobiales,Methylocystaceae,Methylocystis,28,89.28571428571429,92.85714285714286,25.0,3.571428571428571,89.28571428571429,39.285714285714285,0.0,0.0,0.0,0.0,10.714285714285714,0.0,7.142857142857142,0.0
Unknown,Pseudomonadota,Alphaproteobacteria,Hyphomicrobiales,Methylocystaceae,Methylosinus,13,92.3076923076923,92.3076923076923,7.6923076923076925,15.384615384615385,100.0,84.61538461538461,0.0,0.0,23.076923076923077,7.6923076923076925,0.0,15.384615384615385,0.0,0.0
Unknown,Pseudomonadota,Alphaproteobacteria,Hyphomicrobiales,Nitrobacteraceae,Bradyrhizobium,119,96.63865546218487,95.7983193277311,55.46218487394958,27.73109243697479,77.31092436974791,31.092436974789916,2.5210084033613445,1.680672268907563,26.89075630252101,15.966386554621847,2.5210084033613445,0.0,1.680672268907563,0.0
Unknown,Pseudomonadota,Alphaproteobacteria,Hyphomicrobiales,Phyllobacteriaceae,Aminobacter,36,91.66666666666666,97.22222222222221,19.444444444444446,13.88888888888889,97.22222222222221,27.77777777777778,0.0,0.0,2.7777777777777777,0.0,2.7777777777777777,0.0,0.0,0.0
Unknown,Pseudomonadota,Alphaproteobacteria,Hyphomicrobiales,Phyllobacteriaceae,Mesorhizobium,69,91.30434782608695,89.85507246376811,52.17391304347826,8.695652173913043,92.7536231884058,30.434782608695656,5.797101449275362,1.4492753623188406,8.695652173913043,8.695652173913043,2.898550724637681,0.0,0.0,0.0
Unknown,Pseudomonadota,Alphaproteobacteria,Hyphomicrobiales,Phyllobacteriaceae,Nitratireductor,11,100.0,100.0,18.181818181818183,0.0,100.0,72.72727272727273,0.0,0.0,27.27272727272727,0.0,0.0,9.090909090909092,0.0,0.0
Unknown,Pseudomonadota,Alphaproteobacteria,Hyphomicrobiales,Phyllobacteriaceae,Phyllobacterium,15,100.0,100.0,60.0,13.333333333333334,100.0,66.66666666666666,6.666666666666667,0.0,53.333333333333336,26.666666666666668,13.333333333333334,26.666666666666668,6.666666666666667,6.666666666666667
Unknown,Pseudomonadota,Alphaproteobacteria,Hyphomicrobiales,Rhizobiaceae,Agrobacterium,327,92.04892966360856,94.80122324159022,61.16207951070336,9.785932721712538,94.4954128440367,26.299694189602445,0.3058103975535168,0.3058103975535168,3.3639143730886847,29.051987767584098,2.7522935779816518,0.3058103975535168,0.3058103975535168,0.0
Unknown,Pseudomonadota,Alphaproteobacteria,Hyphomicrobiales,Rhizobiaceae,Ensifer,42,100.0,100.0,85.71428571428571,23.809523809523807,100.0,66.66666666666666,4.761904761904762,0.0,61.904761904761905,59.523809523809526,2.380952380952381,42.857142857142854,14.285714285714285,4.761904761904762
Unknown,Pseudomonadota,Alphaproteobacteria,Hyphomicrobiales,Rhizobiaceae,Neorhizobium,23,91.30434782608695,86.95652173913044,65.21739130434783,4.3478260869565215,95.65217391304348,52.17391304347826,0.0,4.3478260869565215,30.434782608695656,13.043478260869565,0.0,8.695652173913043,17.391304347826086,0.0
Unknown,Pseudomonadota,Alphaproteobacteria,Hyphomicrobiales,Rhizobiaceae,Rhizobium,630,96.82539682539682,96.66666666666667,68.73015873015873,24.285714285714285,97.77777777777777,69.84126984126983,0.31746031746031744,1.746031746031746,7.777777777777778,14.603174603174605,21.428571428571427,1.746031746031746,23.96825396825397,8.571428571428571
Unknown,Pseudomonadota,Alphaproteobacteria,Hyphomicrobiales,Rhizobiaceae,Shinella,61,90.1639344262295,93.44262295081968,45.90163934426229,16.39344262295082,96.72131147540983,34.42622950819672,0.0,3.278688524590164,11.475409836065573,11.475409836065573,1.639344262295082,1.639344262295082,1.639344262295082,0.0
Unknown,Pseudomonadota,Alphaproteobacteria,Hyphomicrobiales,Rhizobiaceae,Sinorhizobium,217,97.23502304147466,96.7741935483871,78.80184331797236,29.03225806451613,96.7741935483871,60.82949308755761,8.294930875576037,0.4608294930875576,52.53456221198156,47.926267281105986,6.912442396313365,0.4608294930875576,6.912442396313365,22.119815668202765
Unknown,Pseudomonadota,Alphaproteobacteria,Hyphomicrobiales,Stappiaceae,Labrenzia,17,82.35294117647058,94.11764705882352,0.0,0.0,94.11764705882352,23.52941176470588,0.0,0.0,0.0,5.88235294117647,0.0,0.0,0.0,0.0
Unknown,Pseudomonadota,Alphaproteobacteria,Hyphomicrobiales,Stappiaceae,Roseibium,30,96.66666666666667,90.0,6.666666666666667,0.0,96.66666666666667,36.666666666666664,0.0,0.0,6.666666666666667,20.0,6.666666666666667,3.3333333333333335,0.0,0.0
Unknown,Pseudomonadota,Alphaproteobacteria,Rhodobacterales,Paracoccaceae,Cereibacter,55,70.9090909090909,56.36363636363636,12.727272727272727,20.0,83.63636363636363,32.72727272727273,7.2727272727272725,0.0,9.090909090909092,23.636363636363637,21.818181818181817,7.2727272727272725,3.6363636363636362,1.8181818181818181
Unknown,Pseudomonadota,Alphaproteobacteria,Rhodobacterales,Paracoccaceae,Paracoccus,263,68.06083650190115,53.61216730038023,22.433460076045627,7.224334600760455,74.52471482889734,29.277566539923956,0.0,0.7604562737642585,19.011406844106464,15.96958174904943,4.562737642585551,4.562737642585551,3.041825095057034,2.6615969581749046
Unknown,Pseudomonadota,Alphaproteobacteria,Rhodobacterales,Paracoccaceae,Thioclava,31,74.19354838709677,58.06451612903226,19.35483870967742,3.225806451612903,70.96774193548387,6.451612903225806,0.0,0.0,32.25806451612903,22.58064516129032,12.903225806451612,32.25806451612903,16.129032258064516,16.129032258064516
Unknown,Pseudomonadota,Alphaproteobacteria,Rhodobacterales,Paracoccaceae,Tritonibacter,29,89.65517241379311,79.3103448275862,13.793103448275861,20.689655172413794,75.86206896551724,37.93103448275862,0.0,0.0,24.137931034482758,44.827586206896555,17.24137931034483,24.137931034482758,13.793103448275861,0.0
Unknown,Pseudomonadota,Alphaproteobacteria,Rhodobacterales,Roseobacteraceae,Alloyangia,14,78.57142857142857,71.42857142857143,7.142857142857142,0.0,100.0,35.714285714285715,0.0,0.0,14.285714285714285,7.142857142857142,0.0,14.285714285714285,0.0,0.0
Unknown,Pseudomonadota,Alphaproteobacteria,Rhodobacterales,Roseobacteraceae,Dinoroseobacter,17,100.0,100.0,29.411764705882355,0.0,82.35294117647058,29.411764705882355,0.0,0.0,0.0,0.0,0.0,0.0,0.0,0.0
Unknown,Pseudomonadota,Alphaproteobacteria,Rhodobacterales,Roseobacteraceae,Jannaschia,12,41.66666666666667,25.0,0.0,0.0,75.0,0.0,0.0,0.0,0.0,0.0,0.0,0.0,0.0,0.0
Unknown,Pseudomonadota,Alphaproteobacteria,Rhodobacterales,Roseobacteraceae,Ketogulonicigenium,15,46.666666666666664,60.0,26.666666666666668,0.0,80.0,73.33333333333333,0.0,0.0,33.33333333333333,0.0,0.0,33.33333333333333,0.0,0.0
Unknown,Pseudomonadota,Alphaproteobacteria,Rhodobacterales,Roseobacteraceae,Leisingera,101,76.23762376237624,62.37623762376238,3.9603960396039604,0.0,96.03960396039604,2.9702970297029703,0.9900990099009901,0.0,2.9702970297029703,15.841584158415841,0.9900990099009901,0.0,0.0,1.9801980198019802
Unknown,Pseudomonadota,Alphaproteobacteria,Rhodobacterales,Roseobacteraceae,Phaeobacter,301,76.41196013289037,65.4485049833887,26.578073089701,19.93355481727575,88.03986710963456,17.940199335548172,3.6544850498338874,0.0,20.26578073089701,20.59800664451827,0.33222591362126247,0.0,0.0,0.33222591362126247
Unknown,Pseudomonadota,Alphaproteobacteria,Rhodobacterales,Roseobacteraceae,Pseudosulfitobacter,326,66.56441717791411,60.73619631901841,29.447852760736197,0.0,98.46625766871165,26.68711656441718,9.815950920245399,0.0,0.3067484662576687,0.3067484662576687,0.0,0.3067484662576687,0.6134969325153374,0.0
Unknown,Pseudomonadota,Alphaproteobacteria,Rhodobacterales,Roseobacteraceae,Roseivivax,21,85.71428571428571,52.38095238095239,0.0,0.0,66.66666666666666,19.047619047619047,9.523809523809524,0.0,0.0,9.523809523809524,0.0,0.0,0.0,0.0
Unknown,Pseudomonadota,Alphaproteobacteria,Rhodobacterales,Roseobacteraceae,Roseobacter,15,86.66666666666667,73.33333333333333,6.666666666666667,0.0,46.666666666666664,20.0,0.0,0.0,0.0,0.0,0.0,0.0,0.0,0.0
Unknown,Pseudomonadota,Alphaproteobacteria,Rhodobacterales,Roseobacteraceae,Roseovarius,28,96.42857142857143,67.85714285714286,14.285714285714285,0.0,89.28571428571429,32.142857142857146,0.0,0.0,0.0,7.142857142857142,0.0,0.0,0.0,0.0
Unknown,Pseudomonadota,Alphaproteobacteria,Rhodobacterales,Roseobacteraceae,Ruegeria,19,52.63157894736842,78.94736842105263,15.789473684210526,15.789473684210526,78.94736842105263,36.84210526315789,0.0,0.0,42.10526315789473,15.789473684210526,15.789473684210526,10.526315789473683,0.0,0.0
Unknown,Pseudomonadota,Alphaproteobacteria,Rhodobacterales,Roseobacteraceae,Sagittula,18,100.0,77.77777777777779,11.11111111111111,0.0,88.88888888888889,0.0,0.0,0.0,0.0,5.555555555555555,0.0,0.0,0.0,0.0
Unknown,Pseudomonadota,Alphaproteobacteria,Rhodobacterales,Roseobacteraceae,Salipiger,21,71.42857142857143,66.66666666666666,4.761904761904762,0.0,71.42857142857143,14.285714285714285,0.0,0.0,9.523809523809524,0.0,0.0,0.0,0.0,0.0
Unknown,Pseudomonadota,Alphaproteobacteria,Rhodobacterales,Roseobacteraceae,Sulfitobacter,173,69.94219653179191,70.52023121387283,14.450867052023122,9.826589595375722,86.1271676300578,15.028901734104046,6.358381502890173,0.0,11.560693641618498,1.7341040462427744,0.0,9.248554913294797,6.9364161849710975,0.5780346820809248
Unknown,Pseudomonadota,Alphaproteobacteria,Rhodobacterales,Roseobacteraceae,Tateyamaria,13,61.53846153846154,84.61538461538461,0.0,15.384615384615385,76.92307692307693,0.0,0.0,0.0,0.0,7.6923076923076925,0.0,0.0,0.0,7.6923076923076925
Unknown,Pseudomonadota,Alphaproteobacteria,Rhodospirillales,Azospirillaceae,Azospirillum,118,84.7457627118644,66.10169491525424,47.45762711864407,27.966101694915253,84.7457627118644,48.30508474576271,1.694915254237288,9.322033898305085,58.47457627118644,43.22033898305085,11.864406779661017,39.83050847457627,26.27118644067797,6.779661016949152
Unknown,Pseudomonadota,Alphaproteobacteria,Rhodospirillales,Azospirillaceae,Skermanella,15,60.0,73.33333333333333,46.666666666666664,0.0,100.0,26.666666666666668,0.0,13.333333333333334,6.666666666666667,20.0,13.333333333333334,20.0,0.0,0.0
Unknown,Pseudomonadota,Alphaproteobacteria,Rickettsiales,Rickettsiaceae,Rickettsia,20,0.0,30.0,100.0,0.0,30.0,0.0,0.0,0.0,0.0,0.0,0.0,0.0,0.0,0.0
Unknown,Pseudomonadota,Alphaproteobacteria,Sphingomonadales,Sphingobiaceae,Sphingobium,167,82.63473053892216,68.26347305389223,20.958083832335326,8.982035928143713,71.8562874251497,29.34131736526946,1.1976047904191618,0.5988023952095809,4.191616766467066,7.18562874251497,0.0,3.592814371257485,0.5988023952095809,0.0
Unknown,Pseudomonadota,Alphaproteobacteria,Sphingomonadales,Sphingomonadaceae,Novosphingobium,43,93.02325581395348,95.34883720930233,27.906976744186046,11.627906976744185,97.67441860465115,67.44186046511628,4.651162790697675,4.651162790697675,9.30232558139535,20.930232558139537,6.976744186046512,4.651162790697675,0.0,0.0
Unknown,Pseudomonadota,Alphaproteobacteria,Sphingomonadales,Sphingomonadaceae,Sphingomonas,80,93.75,78.75,32.5,3.75,81.25,47.5,0.0,0.0,3.75,6.25,2.5,3.75,5.0,1.25
Unknown,Pseudomonadota,Alphaproteobacteria,Sphingomonadales,Sphingopyxidaceae,Sphingopyxis,25,84.0,80.0,32.0,20.0,88.0,28.000000000000004,4.0,0.0,8.0,8.0,4.0,0.0,4.0,0.0
Unknown,Pseudomonadota,Alphaproteobacteria,Sphingomonadales,Zymomonadaceae,Zymomonas,52,3.8461538461538463,59.61538461538461,0.0,0.0,51.92307692307693,0.0,0.0,0.0,0.0,0.0,0.0,0.0,0.0,0.0
Unknown,Pseudomonadota,Betaproteobacteria,Burkholderiales,Burkholderiaceae,Burkholderia,381,80.83989501312337,84.7769028871391,35.69553805774278,11.023622047244094,90.02624671916011,20.99737532808399,0.0,0.0,29.396325459317584,3.4120734908136483,3.4120734908136483,3.4120734908136483,2.6246719160104988,0.0
Unknown,Pseudomonadota,Betaproteobacteria,Burkholderiales,Burkholderiaceae,Caballeronia,49,93.87755102040816,87.75510204081633,61.224489795918366,20.408163265306122,93.87755102040816,57.14285714285714,0.0,0.0,34.69387755102041,36.734693877551024,4.081632653061225,14.285714285714285,8.16326530612245,0.0
Unknown,Pseudomonadota,Betaproteobacteria,Burkholderiales,Burkholderiaceae,Cupriavidus,66,78.78787878787878,81.81818181818183,57.57575757575758,36.36363636363637,86.36363636363636,31.818181818181817,4.545454545454546,0.0,36.36363636363637,10.606060606060606,7.575757575757576,6.0606060606060606,4.545454545454546,3.0303030303030303
Unknown,Pseudomonadota,Betaproteobacteria,Burkholderiales,Burkholderiaceae,Mycetohabitans,13,100.0,100.0,100.0,69.23076923076923,84.61538461538461,0.0,0.0,0.0,0.0,69.23076923076923,0.0,0.0,69.23076923076923,0.0
Unknown,Pseudomonadota,Betaproteobacteria,Burkholderiales,Burkholderiaceae,Pandoraea,13,61.53846153846154,92.3076923076923,0.0,23.076923076923077,76.92307692307693,0.0,0.0,0.0,23.076923076923077,0.0,0.0,0.0,0.0,0.0
Unknown,Pseudomonadota,Betaproteobacteria,Burkholderiales,Burkholderiaceae,Paraburkholderia,66,90.9090909090909,81.81818181818183,65.15151515151516,10.606060606060606,93.93939393939394,36.36363636363637,0.0,0.0,24.242424242424242,19.696969696969695,13.636363636363635,1.5151515151515151,0.0,0.0
Unknown,Pseudomonadota,Betaproteobacteria,Burkholderiales,Burkholderiaceae,Ralstonia,125,92.80000000000001,94.39999999999999,39.2,7.199999999999999,93.60000000000001,76.0,4.0,4.8,76.8,12.8,69.6,39.2,7.199999999999999,4.0
Unknown,Pseudomonadota,Betaproteobacteria,Burkholderiales,Comamonadaceae,Acidovorax,17,76.47058823529412,82.35294117647058,17.647058823529413,35.294117647058826,76.47058823529412,35.294117647058826,0.0,0.0,11.76470588235294,0.0,0.0,0.0,0.0,0.0
Unknown,Pseudomonadota,Betaproteobacteria,Burkholderiales,Comamonadaceae,Comamonas,37,75.67567567567568,54.054054054054056,27.027027027027028,13.513513513513514,48.64864864864865,10.81081081081081,0.0,0.0,2.7027027027027026,5.405405405405405,8.108108108108109,2.7027027027027026,2.7027027027027026,0.0
Unknown,Pseudomonadota,Betaproteobacteria,Burkholderiales,Comamonadaceae,Polaromonas,15,100.0,80.0,33.33333333333333,20.0,80.0,6.666666666666667,0.0,0.0,26.666666666666668,6.666666666666667,0.0,0.0,0.0,0.0
Unknown,Pseudomonadota,Betaproteobacteria,Burkholderiales,Comamonadaceae,Variovorax,42,92.85714285714286,92.85714285714286,52.38095238095239,26.190476190476193,88.09523809523809,35.714285714285715,0.0,0.0,26.190476190476193,26.190476190476193,14.285714285714285,2.380952380952381,2.380952380952381,0.0
Unknown,Pseudomonadota,Betaproteobacteria,Burkholderiales,Oxalobacteraceae,Massilia,11,45.45454545454545,81.81818181818183,9.090909090909092,9.090909090909092,72.72727272727273,27.27272727272727,0.0,0.0,0.0,9.090909090909092,0.0,0.0,0.0,0.0
Unknown,Pseudomonadota,Betaproteobacteria,Neisseriales,Neisseriaceae,Neisseria,241,100.0,24.066390041493776,0.8298755186721992,24.066390041493776,24.066390041493776,0.8298755186721992,0.8298755186721992,0.8298755186721992,0.8298755186721992,0.8298755186721992,0.8298755186721992,0.8298755186721992,0.8298755186721992,0.8298755186721992
Unknown,Pseudomonadota,Gammaproteobacteria,Aeromonadales,Aeromonadaceae,Aeromonas,382,73.56020942408377,33.50785340314136,17.801047120418847,16.75392670157068,37.95811518324607,0.2617801047120419,0.2617801047120419,0.2617801047120419,1.832460732984293,0.7853403141361256,0.2617801047120419,0.2617801047120419,0.2617801047120419,0.2617801047120419
Unknown,Pseudomonadota,Gammaproteobacteria,Alteromonadales,Alteromonadaceae,Alteromonas,25,32.0,48.0,48.0,20.0,72.0,16.0,0.0,0.0,28.000000000000004,0.0,0.0,0.0,4.0,0.0
Unknown,Pseudomonadota,Gammaproteobacteria,Alteromonadales,Pseudoalteromonadaceae,Pseudoalteromonas,39,41.02564102564102,12.82051282051282,61.53846153846154,30.76923076923077,69.23076923076923,48.717948717948715,15.384615384615385,0.0,7.6923076923076925,46.15384615384615,35.8974358974359,12.82051282051282,48.717948717948715,38.46153846153847
Unknown,Pseudomonadota,Gammaproteobacteria,Alteromonadales,Shewanellaceae,Shewanella,60,58.333333333333336,38.333333333333336,33.33333333333333,50.0,70.0,1.6666666666666667,1.6666666666666667,1.6666666666666667,1.6666666666666667,5.0,0.0,0.0,1.6666666666666667,1.6666666666666667
Unknown,Pseudomonadota,Gammaproteobacteria,Enterobacterales,Enterobacteriaceae,Citrobacter,1031,79.43743937924346,45.683802133850634,52.182347235693506,38.02133850630456,56.35305528612997,10.281280310378275,9.893307468477207,0.7759456838021339,3.976721629485936,2.6188166828322017,0.09699321047526674,0.38797284190106696,1.3579049466537343,0.2909796314258002
Unknown,Pseudomonadota,Gammaproteobacteria,Enterobacterales,Enterobacteriaceae,Cronobacter,102,89.2156862745098,34.31372549019608,11.76470588235294,9.803921568627452,77.45098039215686,8.823529411764707,31.372549019607842,0.0,7.8431372549019605,0.0,0.0,0.0,0.0,0.0
Unknown,Pseudomonadota,Gammaproteobacteria,Enterobacterales,Enterobacteriaceae,Enterobacter,1944,66.9753086419753,38.2716049382716,47.325102880658434,18.3641975308642,50.20576131687243,5.555555555555555,9.619341563786008,0.051440329218107,7.561728395061729,1.440329218106996,0.411522633744856,0.15432098765432098,0.257201646090535,0.15432098765432098
Unknown,Pseudomonadota,Gammaproteobacteria,Enterobacterales,Enterobacteriaceae,Escherichia,10926,83.43401061687717,45.606809445359694,30.15742266154128,17.014460918909023,55.83012996522058,1.1898224418817498,13.481603514552443,0.009152480322167308,7.065714808713161,4.667764964305326,2.2515101592531575,0.23796448837635,0.19220208676551345,0.1372872048325096
Unknown,Pseudomonadota,Gammaproteobacteria,Enterobacterales,Enterobacteriaceae,Klebsiella,10745,83.95532805956259,49.96742671009772,55.02093997208004,37.91530944625407,58.762214983713356,13.466728711028386,6.514657980456026,0.03722661703117729,3.880874825500233,7.315030246626337,6.244765006979991,0.13029315960912052,0.17682643089809214,0.11167985109353187
Unknown,Pseudomonadota,Gammaproteobacteria,Enterobacterales,Enterobacteriaceae,Kluyvera,13,69.23076923076923,30.76923076923077,46.15384615384615,15.384615384615385,61.53846153846154,7.6923076923076925,0.0,0.0,15.384615384615385,0.0,0.0,0.0,0.0,0.0
Unknown,Pseudomonadota,Gammaproteobacteria,Enterobacterales,Enterobacteriaceae,Kosakonia,16,68.75,68.75,68.75,12.5,56.25,0.0,6.25,0.0,6.25,0.0,0.0,6.25,0.0,0.0
Unknown,Pseudomonadota,Gammaproteobacteria,Enterobacterales,Enterobacteriaceae,Leclercia,67,76.11940298507463,40.298507462686565,38.80597014925373,14.925373134328357,59.70149253731343,8.955223880597014,11.940298507462686,2.9850746268656714,4.477611940298507,4.477611940298507,0.0,0.0,0.0,0.0
Unknown,Pseudomonadota,Gammaproteobacteria,Enterobacterales,Enterobacteriaceae,Phytobacter,22,68.18181818181817,45.45454545454545,59.09090909090909,22.727272727272727,68.18181818181817,0.0,0.0,0.0,0.0,4.545454545454546,0.0,0.0,0.0,0.0
Unknown,Pseudomonadota,Gammaproteobacteria,Enterobacterales,Enterobacteriaceae,Raoultella,243,74.48559670781893,40.74074074074074,49.794238683127574,38.2716049382716,54.32098765432099,3.292181069958848,3.7037037037037033,0.0,1.2345679012345678,0.0,0.411522633744856,0.0,0.0,0.0
Unknown,Pseudomonadota,Gammaproteobacteria,Enterobacterales,Enterobacteriaceae,Salmonella,2413,81.30957314546208,43.30708661417323,50.22793203481144,27.434728553667632,59.2623290509739,2.693742229589722,19.18773311230833,0.16576875259013676,5.055946953999172,7.335267302113552,1.077496891835889,0.4144218814753419,0.6216328222130129,0.4144218814753419
Unknown,Pseudomonadota,Gammaproteobacteria,Enterobacterales,Enterobacteriaceae,Shigella,600,77.66666666666666,35.833333333333336,28.000000000000004,9.0,45.166666666666664,0.16666666666666669,9.833333333333332,0.16666666666666669,2.166666666666667,13.333333333333334,1.0,0.0,0.0,0.0
Unknown,Pseudomonadota,Gammaproteobacteria,Enterobacterales,Erwiniaceae,Buchnera,93,56.98924731182796,0.0,0.0,0.0,0.0,0.0,0.0,0.0,0.0,0.0,0.0,0.0,0.0,0.0
Unknown,Pseudomonadota,Gammaproteobacteria,Enterobacterales,Erwiniaceae,Erwinia,133,85.71428571428571,38.34586466165413,30.82706766917293,4.511278195488721,31.57894736842105,7.518796992481203,4.511278195488721,0.0,0.7518796992481203,1.5037593984962405,0.0,0.0,0.0,0.0
Unknown,Pseudomonadota,Gammaproteobacteria,Enterobacterales,Erwiniaceae,Pantoea,343,94.46064139941691,28.279883381924197,76.38483965014578,21.574344023323615,85.42274052478133,43.440233236151606,26.239067055393583,1.1661807580174928,4.081632653061225,4.081632653061225,3.206997084548105,0.0,0.5830903790087464,0.0
Unknown,Pseudomonadota,Gammaproteobacteria,Enterobacterales,Hafniaceae,Edwardsiella,283,57.95053003533569,33.56890459363957,33.92226148409894,14.13427561837456,38.16254416961131,0.0,4.240282685512367,0.0,0.35335689045936397,3.8869257950530036,0.0,0.0,0.0,0.0
Unknown,Pseudomonadota,Gammaproteobacteria,Enterobacterales,Hafniaceae,Hafnia,15,100.0,60.0,66.66666666666666,26.666666666666668,73.33333333333333,33.33333333333333,33.33333333333333,0.0,6.666666666666667,20.0,0.0,0.0,0.0,0.0
Unknown,Pseudomonadota,Gammaproteobacteria,Enterobacterales,Morganellaceae,Arsenophonus,111,89.1891891891892,53.153153153153156,71.17117117117117,29.72972972972973,91.8918918918919,0.0,22.52252252252252,0.0,0.9009009009009009,3.6036036036036037,0.9009009009009009,0.0,0.0,0.0
Unknown,Pseudomonadota,Gammaproteobacteria,Enterobacterales,Morganellaceae,Moellerella,29,68.96551724137932,44.827586206896555,44.827586206896555,37.93103448275862,37.93103448275862,0.0,0.0,0.0,0.0,17.24137931034483,0.0,0.0,0.0,0.0
Unknown,Pseudomonadota,Gammaproteobacteria,Enterobacterales,Morganellaceae,Morganella,68,47.05882352941176,25.0,27.941176470588236,17.647058823529413,44.11764705882353,0.0,4.411764705882353,0.0,1.4705882352941175,8.823529411764707,1.4705882352941175,0.0,1.4705882352941175,0.0
Unknown,Pseudomonadota,Gammaproteobacteria,Enterobacterales,Morganellaceae,Proteus,152,68.42105263157895,30.92105263157895,36.18421052631579,28.947368421052634,48.68421052631579,0.0,0.6578947368421052,0.0,1.3157894736842104,5.921052631578947,0.6578947368421052,0.6578947368421052,0.0,0.6578947368421052
Unknown,Pseudomonadota,Gammaproteobacteria,Enterobacterales,Morganellaceae,Providencia,235,80.0,65.53191489361701,62.97872340425532,36.17021276595745,58.29787234042553,0.0,2.553191489361702,0.0,1.276595744680851,4.25531914893617,0.851063829787234,0.425531914893617,0.425531914893617,0.425531914893617
Unknown,Pseudomonadota,Gammaproteobacteria,Enterobacterales,Morganellaceae,Xenorhabdus,12,75.0,25.0,41.66666666666667,16.666666666666664,66.66666666666666,0.0,8.333333333333332,0.0,8.333333333333332,8.333333333333332,25.0,0.0,0.0,0.0
Unknown,Pseudomonadota,Gammaproteobacteria,Enterobacterales,Pectobacteriaceae,Pectobacterium,12,75.0,16.666666666666664,8.333333333333332,25.0,16.666666666666664,0.0,16.666666666666664,0.0,0.0,8.333333333333332,0.0,0.0,0.0,0.0
Unknown,Pseudomonadota,Gammaproteobacteria,Enterobacterales,Yersiniaceae,Rahnella,11,100.0,100.0,72.72727272727273,9.090909090909092,100.0,9.090909090909092,36.36363636363637,0.0,0.0,0.0,27.27272727272727,0.0,0.0,0.0
Unknown,Pseudomonadota,Gammaproteobacteria,Enterobacterales,Yersiniaceae,Serratia,272,72.79411764705883,51.83823529411765,52.57352941176471,15.808823529411764,44.85294117647059,2.941176470588235,15.441176470588236,0.3676470588235294,3.308823529411765,2.941176470588235,0.3676470588235294,0.7352941176470588,0.7352941176470588,0.0
Unknown,Pseudomonadota,Gammaproteobacteria,Enterobacterales,Yersiniaceae,Yersinia,483,74.12008281573499,66.45962732919256,29.81366459627329,28.57142857142857,39.33747412008282,0.0,8.281573498964804,0.4140786749482402,0.2070393374741201,0.8281573498964804,0.2070393374741201,0.0,0.2070393374741201,0.0
Unknown,Pseudomonadota,Gammaproteobacteria,Legionellales,Coxiellaceae,Coxiella,15,100.0,100.0,6.666666666666667,0.0,93.33333333333333,0.0,0.0,0.0,0.0,0.0,0.0,0.0,0.0,0.0
Unknown,Pseudomonadota,Gammaproteobacteria,Legionellales,Legionellaceae,Legionella,92,34.78260869565217,42.391304347826086,35.869565217391305,15.217391304347828,60.86956521739131,3.260869565217391,3.260869565217391,2.1739130434782608,13.043478260869565,34.78260869565217,10.869565217391305,3.260869565217391,11.956521739130435,4.3478260869565215
Unknown,Pseudomonadota,Gammaproteobacteria,Lysobacterales,Lysobacteraceae,Stenotrophomonas,13,46.15384615384615,23.076923076923077,30.76923076923077,46.15384615384615,30.76923076923077,0.0,7.6923076923076925,0.0,0.0,0.0,0.0,0.0,0.0,0.0
Unknown,Pseudomonadota,Gammaproteobacteria,Lysobacterales,Lysobacteraceae,Xanthomonas,563,53.818827708703374,77.797513321492,13.49911190053286,38.36589698046181,22.55772646536412,1.7761989342806392,0.0,0.0,10.301953818827709,0.3552397868561279,0.3552397868561279,0.17761989342806395,0.5328596802841918,0.17761989342806395
Unknown,Pseudomonadota,Gammaproteobacteria,Lysobacterales,Lysobacteraceae,Xylella,55,85.45454545454545,14.545454545454545,1.8181818181818181,50.90909090909091,40.0,0.0,0.0,0.0,0.0,0.0,0.0,0.0,0.0,0.0
Unknown,Pseudomonadota,Gammaproteobacteria,Methylococcales,Methylococcaceae,Methylomonas,14,42.857142857142854,42.857142857142854,71.42857142857143,21.428571428571427,100.0,0.0,0.0,0.0,0.0,7.142857142857142,0.0,0.0,0.0,7.142857142857142
Unknown,Pseudomonadota,Gammaproteobacteria,Moraxellales,Moraxellaceae,Acinetobacter,2424,83.95214521452145,33.86963696369637,12.16996699669967,16.13036303630363,35.396039603960396,6.476897689768977,0.33003300330033003,0.33003300330033003,7.136963696369637,2.186468646864687,0.5775577557755776,0.3712871287128713,0.7838283828382838,0.33003300330033003
Unknown,Pseudomonadota,Gammaproteobacteria,Moraxellales,Moraxellaceae,Faucicola,12,91.66666666666666,50.0,16.666666666666664,8.333333333333332,50.0,0.0,0.0,0.0,0.0,0.0,0.0,0.0,0.0,0.0
Unknown,Pseudomonadota,Gammaproteobacteria,Moraxellales,Moraxellaceae,Moraxella,61,98.36065573770492,6.557377049180328,0.0,32.78688524590164,1.639344262295082,0.0,0.0,0.0,0.0,0.0,0.0,0.0,0.0,0.0
Unknown,Pseudomonadota,Gammaproteobacteria,Moraxellales,Moraxellaceae,Psychrobacter,42,92.85714285714286,23.809523809523807,0.0,0.0,40.476190476190474,0.0,0.0,0.0,0.0,4.761904761904762,0.0,0.0,0.0,0.0
Unknown,Pseudomonadota,Gammaproteobacteria,Oceanospirillales,Halomonadaceae,Halomonas,23,56.52173913043478,34.78260869565217,47.82608695652174,39.130434782608695,47.82608695652174,4.3478260869565215,0.0,0.0,8.695652173913043,4.3478260869565215,4.3478260869565215,4.3478260869565215,4.3478260869565215,4.3478260869565215
Unknown,Pseudomonadota,Gammaproteobacteria,Pasteurellales,Pasteurellaceae,Actinobacillus,39,35.8974358974359,0.0,5.128205128205128,0.0,7.6923076923076925,0.0,0.0,0.0,0.0,0.0,0.0,0.0,0.0,0.0
Unknown,Pseudomonadota,Gammaproteobacteria,Pasteurellales,Pasteurellaceae,Glaesserella,13,69.23076923076923,0.0,7.6923076923076925,0.0,23.076923076923077,0.0,0.0,0.0,0.0,0.0,0.0,0.0,0.0,0.0
Unknown,Pseudomonadota,Gammaproteobacteria,Pasteurellales,Pasteurellaceae,Haemophilus,11,72.72727272727273,27.27272727272727,0.0,27.27272727272727,0.0,0.0,0.0,0.0,0.0,0.0,0.0,0.0,0.0,0.0
Unknown,Pseudomonadota,Gammaproteobacteria,Pasteurellales,Pasteurellaceae,Pasteurella,35,34.285714285714285,5.714285714285714,17.142857142857142,11.428571428571429,28.57142857142857,5.714285714285714,8.571428571428571,0.0,11.428571428571429,8.571428571428571,5.714285714285714,8.571428571428571,5.714285714285714,0.0
Unknown,Pseudomonadota,Gammaproteobacteria,Pseudomonadales,Marinobacteraceae,Marinobacter,20,75.0,70.0,45.0,15.0,90.0,15.0,5.0,0.0,0.0,10.0,0.0,0.0,0.0,0.0
Unknown,Pseudomonadota,Gammaproteobacteria,Pseudomonadales,Pseudomonadaceae,Azotobacter,16,75.0,43.75,18.75,6.25,56.25,18.75,0.0,0.0,0.0,6.25,0.0,0.0,0.0,0.0
Unknown,Pseudomonadota,Gammaproteobacteria,Pseudomonadales,Pseudomonadaceae,Pseudomonas,735,71.70068027210884,48.29931972789115,37.142857142857146,51.29251700680272,71.42857142857143,6.122448979591836,17.551020408163264,0.40816326530612246,3.6734693877551026,8.435374149659863,1.6326530612244898,0.6802721088435374,3.8095238095238098,0.40816326530612246
Unknown,Pseudomonadota,Gammaproteobacteria,Pseudomonadales,Pseudomonadaceae,Stutzerimonas,18,66.66666666666666,38.88888888888889,33.33333333333333,38.88888888888889,66.66666666666666,11.11111111111111,0.0,0.0,0.0,0.0,0.0,0.0,0.0,0.0
Unknown,Pseudomonadota,Gammaproteobacteria,Thiotrichales,Francisellaceae,Francisella,18,94.44444444444444,11.11111111111111,5.555555555555555,5.555555555555555,22.22222222222222,0.0,0.0,0.0,0.0,0.0,0.0,0.0,0.0,0.0
Unknown,Pseudomonadota,Gammaproteobacteria,Thiotrichales,Piscirickettsiaceae,Piscirickettsia,335,15.522388059701491,48.95522388059702,36.11940298507463,1.791044776119403,42.68656716417911,0.5970149253731344,0.2985074626865672,0.0,1.791044776119403,22.686567164179106,0.2985074626865672,0.0,0.5970149253731344,0.5970149253731344
Unknown,Pseudomonadota,Gammaproteobacteria,Thiotrichales,Thiotrichaceae,Thiothrix,15,100.0,26.666666666666668,6.666666666666667,0.0,26.666666666666668,6.666666666666667,0.0,0.0,0.0,0.0,0.0,0.0,6.666666666666667,0.0
Unknown,Pseudomonadota,Gammaproteobacteria,Vibrionales,Vibrionaceae,Photobacterium,78,57.692307692307686,26.923076923076923,38.46153846153847,26.923076923076923,51.28205128205128,6.41025641025641,5.128205128205128,1.282051282051282,7.6923076923076925,3.8461538461538463,3.8461538461538463,0.0,0.0,2.564102564102564
Unknown,Pseudomonadota,Gammaproteobacteria,Vibrionales,Vibrionaceae,Vibrio,486,62.34567901234568,24.074074074074073,51.028806584362144,46.50205761316872,59.876543209876544,4.320987654320987,3.7037037037037033,3.7037037037037033,6.995884773662551,5.1440329218107,2.4691358024691357,0.6172839506172839,1.440329218106996,2.880658436213992
Unknown,Rhodothermota,Rhodothermia,Rhodothermales,Salinibacteraceae,Salinibacter,19,57.89473684210527,63.1578947368421,26.31578947368421,5.263157894736842,31.57894736842105,0.0,0.0,0.0,10.526315789473683,0.0,0.0,0.0,5.263157894736842,0.0
Unknown,Spirochaetota,Spirochaetia,Brachyspirales,Brachyspiraceae,Brachyspira,12,0.0,0.0,0.0,91.66666666666666,0.0,0.0,0.0,0.0,0.0,0.0,0.0,0.0,0.0,0.0
Unknown,Spirochaetota,Spirochaetia,Leptospirales,Leptospiraceae,Leptospira,139,7.194244604316546,58.992805755395686,83.45323741007195,2.877697841726619,77.6978417266187,16.546762589928058,0.7194244604316548,0.0,1.4388489208633095,7.194244604316546,1.4388489208633095,0.7194244604316548,2.158273381294964,2.877697841726619
Unknown,Spirochaetota,Spirochaetia,Spirochaetales,Borreliaceae,Borrelia,625,1.28,77.92,0.0,0.32,0.0,0.0,0.0,0.0,0.0,0.0,0.0,0.0,0.0,0.0
Unknown,Spirochaetota,Spirochaetia,Spirochaetales,Borreliaceae,Borreliella,1029,0.0,92.03109815354713,0.0,3.9844509232264333,0.0,0.0,0.0,0.0,0.09718172983479105,0.0,0.0,0.0,0.0,0.0
