COG_category,feature_n,task,run,seed,test_n,test_positive_n,test_positive_prevalence,F1_threshold_from_validation,AUPRC,AUROC,F1,R2,RMSE,Spearman_rho
A,24,classification,1,42,12393,825.0,0.06656983781166788,0.7645468383041533,0.36048026303303204,0.7150905318747642,0.43946188340807174,,,
A,24,regression_tRNA_positive_only,1,42,825,,,,,,,0.35295607819827235,7.074830884158951,0.17655196506813692
A,24,classification,2,43,12393,825.0,0.06656983781166788,0.6957299547088934,0.37320617677476886,0.7272576910180644,0.47117172969621823,,,
A,24,regression_tRNA_positive_only,2,43,825,,,,,,,0.4319322334508222,7.249092431734235,0.26315963274824417
A,24,classification,3,44,12393,825.0,0.06656983781166788,0.7079307588064754,0.3765929193382288,0.7333418730877238,0.45269016697588127,,,
A,24,regression_tRNA_positive_only,3,44,825,,,,,,,0.27092683754977187,7.372361540736701,0.28119274359889224
B,11,classification,1,42,12393,825.0,0.06656983781166788,0.5520668589691833,0.1289483432585481,0.5480244352236054,0.16806722689075632,,,
B,11,regression_tRNA_positive_only,1,42,825,,,,,,,0.055202686619066466,8.549062790834729,0.0794794381867019
B,11,classification,2,43,12393,825.0,0.06656983781166788,0.511548481852561,0.10446570273734757,0.5353996395490173,0.12989493791786055,,,
B,11,regression_tRNA_positive_only,2,43,825,,,,,,,0.1820433378593701,8.698586987255037,0.19295547929598672
B,11,classification,3,44,12393,825.0,0.06656983781166788,0.5603152069959788,0.11515077545715688,0.5427871557902679,0.152153987167736,,,
B,11,regression_tRNA_positive_only,3,44,825,,,,,,,0.09083642718347129,8.232696061843614,0.1536955583386868
C,1664,classification,1,42,12393,825.0,0.06656983781166788,0.7175436410173671,0.7756721761677878,0.9070395867387568,0.761647535449021,,,
C,1664,regression_tRNA_positive_only,1,42,825,,,,,,,0.6986711464512411,4.828025349417772,0.5398577222863696
C,1664,classification,2,43,12393,825.0,0.06656983781166788,0.7820258632916782,0.7790900077494936,0.9063768913198373,0.7593880389429764,,,
C,1664,regression_tRNA_positive_only,2,43,825,,,,,,,0.7410541102965449,4.894271696141237,0.581157269860432
C,1664,classification,3,44,12393,825.0,0.06656983781166788,0.7061951071368021,0.7765216206609624,0.9160989039775348,0.7525150905432596,,,
C,1664,regression_tRNA_positive_only,3,44,825,,,,,,,0.5751341717487218,5.62790775055411,0.5778580245672805
D,468,classification,1,42,12393,825.0,0.06656983781166788,0.6117230689470109,0.795758866502298,0.9368490925856072,0.7615384615384615,,,
D,468,regression_tRNA_positive_only,1,42,825,,,,,,,0.7213648261140695,4.642662907121054,0.6043548780037044
D,468,classification,2,43,12393,825.0,0.06656983781166788,0.6894949909423704,0.7942070785238672,0.9327587074060102,0.7699530516431925,,,
D,468,regression_tRNA_positive_only,2,43,825,,,,,,,0.7272880628591055,5.022681483445901,0.5684609418768157
D,468,classification,3,44,12393,825.0,0.06656983781166788,0.6021787542183071,0.7862584946590535,0.9318611949369211,0.7545973367152822,,,
D,468,regression_tRNA_positive_only,3,44,825,,,,,,,0.6139380751771297,5.364750818979306,0.622457761894097
E,1626,classification,1,42,12393,825.0,0.06656983781166788,0.6336251028593971,0.7868610569841563,0.9203065405088227,0.7802631578947369,,,
E,1626,regression_tRNA_positive_only,1,42,825,,,,,,,0.7057697376035154,4.7708180268633855,0.5414179853894316
E,1626,classification,2,43,12393,825.0,0.06656983781166788,0.7152397903475752,0.8044749896428821,0.9237076679659667,0.7661895023858214,,,
E,1626,regression_tRNA_positive_only,2,43,825,,,,,,,0.6834371507634935,5.411448590030001,0.5461177306680323
E,1626,classification,3,44,12393,825.0,0.06656983781166788,0.7561039455518465,0.7851806366317776,0.9191176809589673,0.7579092159559835,,,
E,1626,regression_tRNA_positive_only,3,44,825,,,,,,,0.6486206247299157,5.118105126322855,0.5353248806018847
F,722,classification,1,42,12393,825.0,0.06656983781166788,0.8098443140874946,0.769218009185916,0.9086697367869567,0.7480482611781405,,,
F,722,regression_tRNA_positive_only,1,42,825,,,,,,,0.7588901414394027,4.318736092740189,0.6172937185380449
F,722,classification,2,43,12393,825.0,0.06656983781166788,0.6996128766094156,0.7904727767108737,0.9114931996311665,0.7697594501718213,,,
F,722,regression_tRNA_positive_only,2,43,825,,,,,,,0.7704867235374535,4.607734748212746,0.6287630547335691
F,722,classification,3,44,12393,825.0,0.06656983781166788,0.7241066972818114,0.7779732879406063,0.9092797791189907,0.7553118574366005,,,
F,722,regression_tRNA_positive_only,3,44,825,,,,,,,0.6798561348508632,4.885327250840395,0.5995290010735939
G,1439,classification,1,42,12393,825.0,0.06656983781166788,0.6147935220994005,0.787863622060655,0.9232999077916091,0.7637540453074434,,,
G,1439,regression_tRNA_positive_only,1,42,825,,,,,,,0.6918443585189652,4.8824099666924,0.5793422990420116
G,1439,classification,2,43,12393,825.0,0.06656983781166788,0.739620591653978,0.7972775255728003,0.9218628190619892,0.7724719101123596,,,
G,1439,regression_tRNA_positive_only,2,43,825,,,,,,,0.6879540950414131,5.372702677859874,0.5539480648644435
G,1439,classification,3,44,12393,825.0,0.06656983781166788,0.7079825799824097,0.7901040701750401,0.9231437298294145,0.7537619699042407,,,
G,1439,regression_tRNA_positive_only,3,44,825,,,,,,,0.5836632852345636,5.571131689827432,0.5329207245873492
H,1163,classification,1,42,12393,825.0,0.06656983781166788,0.6489811177141032,0.7644357737360176,0.9095710738086257,0.7511551155115511,,,
H,1163,regression_tRNA_positive_only,1,42,825,,,,,,,0.7586380655378068,4.320993082373035,0.5774386541586608
H,1163,classification,2,43,12393,825.0,0.06656983781166788,0.7784190337615358,0.7756728975622819,0.9030508927448762,0.7675070028011205,,,
H,1163,regression_tRNA_positive_only,2,43,825,,,,,,,0.7475641194290873,4.832358055675886,0.5730763636184929
H,1163,classification,3,44,12393,825.0,0.06656983781166788,0.7520379304055929,0.765222682727721,0.9022524519049415,0.7492957746478873,,,
H,1163,regression_tRNA_positive_only,3,44,825,,,,,,,0.7001319277941163,4.728094876498604,0.6270380385612272
I,750,classification,1,42,12393,825.0,0.06656983781166788,0.8675220474037653,0.6938884459835167,0.8759072572194979,0.6883116883116883,,,
I,750,regression_tRNA_positive_only,1,42,825,,,,,,,0.6852030241882379,4.93474207008728,0.480137453711693
I,750,classification,2,43,12393,825.0,0.06656983781166788,0.7228915702240306,0.7109180724980455,0.874634414686282,0.6954760297096556,,,
I,750,regression_tRNA_positive_only,2,43,825,,,,,,,0.7072478420887078,5.203956005093418,0.479028606933283
I,750,classification,3,44,12393,825.0,0.06656983781166788,0.6741837623115263,0.7094636596872617,0.8901156796177543,0.691358024691358,,,
I,750,regression_tRNA_positive_only,3,44,825,,,,,,,0.6292164555064346,5.257524374343449,0.5469826226309272
J,774,classification,1,42,12393,825.0,0.06656983781166788,0.7560311844994935,0.7706125364169061,0.9145969550274531,0.7439945092656143,,,
J,774,regression_tRNA_positive_only,1,42,825,,,,,,,0.753179698578109,4.369579257872473,0.5526188699599937
J,774,classification,2,43,12393,825.0,0.06656983781166788,0.8014214279075212,0.7847008766475876,0.9188221949788341,0.757679180887372,,,
J,774,regression_tRNA_positive_only,2,43,825,,,,,,,0.7731408463082532,4.581015040080155,0.6180745398055968
J,774,classification,3,44,12393,825.0,0.06656983781166788,0.6573482630653973,0.7558657257653775,0.9056806655769312,0.7360931435963778,,,
J,774,regression_tRNA_positive_only,3,44,825,,,,,,,0.6975609014336288,4.748320623611443,0.6216790225350455
K,1535,classification,1,42,12393,825.0,0.06656983781166788,0.5802662173422719,0.8232768314810006,0.9432270841192003,0.789850357839948,,,
K,1535,regression_tRNA_positive_only,1,42,825,,,,,,,0.7496860891268666,4.4003951250200375,0.6320326958360643
K,1535,classification,2,43,12393,825.0,0.06656983781166788,0.6168948724428993,0.8329814104060274,0.9423614778490298,0.8010716677829873,,,
K,1535,regression_tRNA_positive_only,2,43,825,,,,,,,0.6962365359847251,5.300921002779691,0.6044276741732366
K,1535,classification,3,44,12393,825.0,0.06656983781166788,0.5918128726862336,0.8315758827911877,0.9435678360367157,0.7929915639195327,,,
K,1535,regression_tRNA_positive_only,3,44,825,,,,,,,0.7327728646296401,4.4633541415168345,0.618068692494368
L,1827,classification,1,42,12393,825.0,0.06656983781166788,0.6382094069681907,0.8255598865607697,0.9522120583427638,0.789859906604403,,,
L,1827,regression_tRNA_positive_only,1,42,825,,,,,,,0.7316240724625505,4.556390747334991,0.6364306530227574
L,1827,classification,2,43,12393,825.0,0.06656983781166788,0.6180740794876157,0.8392884192766714,0.9531745882057086,0.8037508372404555,,,
L,1827,regression_tRNA_positive_only,2,43,825,,,,,,,0.7462827716104159,4.844606896569824,0.6578482310285292
L,1827,classification,3,44,12393,825.0,0.06656983781166788,0.6475640733302683,0.8242384009160812,0.9483051992958631,0.7845230153435624,,,
L,1827,regression_tRNA_positive_only,3,44,825,,,,,,,0.658629613191509,5.0446842776332925,0.6351825354817252
M,1770,classification,1,42,12393,825.0,0.06656983781166788,0.6894091798413783,0.8178427329428984,0.9325789010436314,0.7871054398925453,,,
M,1770,regression_tRNA_positive_only,1,42,825,,,,,,,0.7812379342532783,4.113724373963325,0.6102016127823565
M,1770,classification,2,43,12393,825.0,0.06656983781166788,0.7060900135875244,0.8274767874236671,0.9352996248795005,0.7953929539295393,,,
M,1770,regression_tRNA_positive_only,2,43,825,,,,,,,0.6889426114868671,5.364185953767229,0.5898934951086332
M,1770,classification,3,44,12393,825.0,0.06656983781166788,0.6578131716903203,0.8088175657486437,0.932611959847437,0.7808127914723517,,,
M,1770,regression_tRNA_positive_only,3,44,825,,,,,,,0.6104646789367716,5.388830091424646,0.5823264775171461
N,657,classification,1,42,12393,825.0,0.06656983781166788,0.7431713187423289,0.7481325304840599,0.9111434364390796,0.7257731958762886,,,
N,657,regression_tRNA_positive_only,1,42,825,,,,,,,0.5615333002993403,5.823948015565915,0.5140026399939953
N,657,classification,2,43,12393,825.0,0.06656983781166788,0.7427396846238685,0.7751659991697276,0.9144931681964876,0.7407407407407407,,,
N,657,regression_tRNA_positive_only,2,43,825,,,,,,,0.5183331535161819,6.675087163122554,0.5713352096565235
N,657,classification,3,44,12393,825.0,0.06656983781166788,0.6556513867100114,0.7476404957547985,0.9082387673414645,0.7332892124420913,,,
N,657,regression_tRNA_positive_only,3,44,825,,,,,,,0.5212596465529544,5.974080728144551,0.5286682637117998
O,831,classification,1,42,12393,825.0,0.06656983781166788,0.5692165366457327,0.8067600845460605,0.9291786118445869,0.7766367137355584,,,
O,831,regression_tRNA_positive_only,1,42,825,,,,,,,0.742876442386289,4.45984860474005,0.6002209326869089
O,831,classification,2,43,12393,825.0,0.06656983781166788,0.7337214605091483,0.816911884805505,0.9305226015340122,0.7771739130434783,,,
O,831,regression_tRNA_positive_only,2,43,825,,,,,,,0.7445109804760695,4.8614932115385665,0.6470955613014315
O,831,classification,3,44,12393,825.0,0.06656983781166788,0.613528372065333,0.7975906005550688,0.9246352529443816,0.7658473479948253,,,
O,831,regression_tRNA_positive_only,3,44,825,,,,,,,0.6204410794367503,5.319375765338257,0.6177642344630085
P,1350,classification,1,42,12393,825.0,0.06656983781166788,0.8163576744317521,0.7862604970976215,0.9246695167442055,0.7422096317280453,,,
P,1350,regression_tRNA_positive_only,1,42,825,,,,,,,0.7142343910554202,4.701691859350394,0.5249764795483572
P,1350,classification,2,43,12393,825.0,0.06656983781166788,0.6643432326796883,0.7816936054066423,0.9060595058468502,0.7535258562793822,,,
P,1350,regression_tRNA_positive_only,2,43,825,,,,,,,0.7514723560806196,4.794804620455398,0.5882913966399222
P,1350,classification,3,44,12393,825.0,0.06656983781166788,0.6926511087105123,0.7742814672069546,0.9075106877907707,0.7484989993328885,,,
P,1350,regression_tRNA_positive_only,3,44,825,,,,,,,0.5955140139275263,5.491270134496871,0.5719116249538508
Q,785,classification,1,42,12393,825.0,0.06656983781166788,0.8566946671739568,0.7642951925428473,0.9103804120038559,0.7239621267297888,,,
Q,785,regression_tRNA_positive_only,1,42,825,,,,,,,0.6516170773497549,5.191317740338435,0.5552827891003068
Q,785,classification,2,43,12393,825.0,0.06656983781166788,0.7404722667869941,0.7824577010484749,0.9087965233245316,0.7513966480446927,,,
Q,785,regression_tRNA_positive_only,2,43,825,,,,,,,0.6593924819857151,5.61320209524595,0.5721827727833163
Q,785,classification,3,44,12393,825.0,0.06656983781166788,0.8222123403004125,0.7752024053812664,0.9106807703591936,0.7453769559032717,,,
Q,785,regression_tRNA_positive_only,3,44,825,,,,,,,0.5332908230288068,5.898536065793188,0.5529691798995638
T,1062,classification,1,42,12393,825.0,0.06656983781166788,0.6599625167784762,0.8108747116024142,0.9340234293138857,0.7802271209084837,,,
T,1062,regression_tRNA_positive_only,1,42,825,,,,,,,0.7358476402627261,4.5203954530640456,0.6334609416294793
T,1062,classification,2,43,12393,825.0,0.06656983781166788,0.6547113289484224,0.814174102137831,0.9251789681042794,0.7813134732566012,,,
T,1062,regression_tRNA_positive_only,2,43,825,,,,,,,0.719293129866738,5.095773133738346,0.6274598005296909
T,1062,classification,3,44,12393,825.0,0.06656983781166788,0.5917992301688075,0.78769143622941,0.916252305209774,0.762278978388998,,,
T,1062,regression_tRNA_positive_only,3,44,825,,,,,,,0.6380994653271357,5.194164279884401,0.5990364847958158
U,1055,classification,1,42,12393,825.0,0.06656983781166788,0.6959757377079838,0.7967210089140253,0.930694339662182,0.7787261982928431,,,
U,1055,regression_tRNA_positive_only,1,42,825,,,,,,,0.7535524701095138,4.366278333637448,0.6488150024324016
U,1055,classification,2,43,12393,825.0,0.06656983781166788,0.6965325159083382,0.8027266760757132,0.925812481663104,0.7722110888443554,,,
U,1055,regression_tRNA_positive_only,2,43,825,,,,,,,0.6978392356461618,5.286918298028347,0.6182354245129228
U,1055,classification,3,44,12393,825.0,0.06656983781166788,0.849416287443685,0.7929516661861818,0.9316054738253909,0.75,,,
U,1055,regression_tRNA_positive_only,3,44,825,,,,,,,0.6393445363660989,5.18522166335131,0.6103317078438467
V,459,classification,1,42,12393,825.0,0.06656983781166788,0.7182571033664876,0.7703311861924876,0.9148408881344565,0.7496580027359782,,,
V,459,regression_tRNA_positive_only,1,42,825,,,,,,,0.6174178434307382,5.440158304280327,0.5317926996873388
V,459,classification,2,43,12393,825.0,0.06656983781166788,0.5711603101078204,0.786239038713938,0.9206848044762983,0.7482108002602472,,,
V,459,regression_tRNA_positive_only,2,43,825,,,,,,,0.6890718352278262,5.363071606046652,0.5408011673171698
V,459,classification,3,44,12393,825.0,0.06656983781166788,0.6991294942559602,0.7736816016949131,0.9114563162747811,0.7545887151597552,,,
V,459,regression_tRNA_positive_only,3,44,825,,,,,,,0.6186831182310593,5.331680117752199,0.560092573165188
W,38,classification,1,42,12393,825.0,0.06656983781166788,0.7594593926078835,0.34622991656282237,0.7204486252567167,0.39176829268292684,,,
W,38,regression_tRNA_positive_only,1,42,825,,,,,,,0.21322720516528815,7.8014234111582565,0.17205447888708633
W,38,classification,2,43,12393,825.0,0.06656983781166788,0.8208351467299776,0.39724499629921206,0.7443299698227084,0.4242914979757085,,,
W,38,regression_tRNA_positive_only,2,43,825,,,,,,,0.18404288468318664,8.687948358392372,0.2463094038537954
W,38,classification,3,44,12393,825.0,0.06656983781166788,0.75664102226494,0.3711900497976009,0.737335701412465,0.3933933933933934,,,
W,38,regression_tRNA_positive_only,3,44,825,,,,,,,0.25385137917407796,7.458195087211108,0.25086802174871836
Z,43,classification,1,42,12393,825.0,0.06656983781166788,0.7741563997504847,0.35645910750966214,0.7051335449935036,0.4,,,
Z,43,regression_tRNA_positive_only,1,42,825,,,,,,,0.37314242119248453,6.963596887833994,0.24025459873168925
Z,43,classification,2,43,12393,825.0,0.06656983781166788,0.7402292484665839,0.3762869209542632,0.7213571922544951,0.4381679389312977,,,
Z,43,regression_tRNA_positive_only,2,43,825,,,,,,,0.39459872903762716,7.483508012886617,0.24648482386497808
Z,43,classification,3,44,12393,825.0,0.06656983781166788,0.7413085789368712,0.3694992809042277,0.7243278741774591,0.4277198211624441,,,
Z,43,regression_tRNA_positive_only,3,44,825,,,,,,,0.4263947506381066,6.539245278436053,0.26314525289563384
