AUPRC,AUROC,Precision,Recall,F1,target_type,task,run,seed,train_n,test_n,positive_n_all,R2,MAE,RMSE
0.8894707084208293,0.9853458314449648,0.8384615384615385,0.8582677165354331,0.8482490272373541,Ala,classification,1,42,49568,12393,636,,,
,,,,,Ala,regression,1,42,49568,12393,636,0.838334726265759,0.00959735056260463,0.08033834229992454
0.8047404710785503,0.9667678061513397,0.7692307692307693,0.7407407407407407,0.7547169811320755,Arg,classification,1,42,49568,12393,810,,,
,,,,,Arg,regression,1,42,49568,12393,810,0.7697739535659498,0.016826217029249697,0.1218445705676736
0.9500574422434964,0.9901205926215735,0.9157894736842105,0.867109634551495,0.8907849829351536,Asn,classification,1,42,49568,12393,1505,,,
,,,,,Asn,regression,1,42,49568,12393,1505,0.7723574274792453,0.011967797520559808,0.08523695159205356
0.7802009419206519,0.9669479524710668,0.7894736842105263,0.7142857142857143,0.75,Asp,classification,1,42,49568,12393,316,,,
,,,,,Asp,regression,1,42,49568,12393,316,0.6400357221835067,0.006712800632458763,0.06409338965362778
0.7593975048767279,0.9601157610353633,0.926829268292683,0.6440677966101694,0.76,Cys,classification,1,42,49568,12393,296,,,
,,,,,Cys,regression,1,42,49568,12393,296,0.6812000440912467,0.005502798691105707,0.04411957368756417
0.7167892985478111,0.9506426895622224,0.8604651162790697,0.5692307692307692,0.6851851851851852,Gln,classification,1,42,49568,12393,324,,,
,,,,,Gln,regression,1,42,49568,12393,324,0.6246953875223213,0.009278961884992026,0.06836462519305916
0.8258377429625667,0.9976078367700384,0.75,0.64,0.6906474820143885,Glu,classification,1,42,49568,12393,375,,,
,,,,,Glu,regression,1,42,49568,12393,375,0.7457025771851236,0.008695856916335645,0.06596187582525455
0.6997387177878825,0.9659318996415771,0.7846153846153846,0.5483870967741935,0.6455696202531646,Gly,classification,1,42,49568,12393,464,,,
,,,,,Gly,regression,1,42,49568,12393,464,0.6745711743685716,0.011722703123317,0.08206395050787023
0.5842686926673385,0.9546714412883386,0.8947368421052632,0.4722222222222222,0.6181818181818182,His,classification,1,42,49568,12393,178,,,
,,,,,His,regression,1,42,49568,12393,178,0.5457338420580207,0.004318485845609759,0.041889264983794416
0.8913003925096015,0.9826309241475837,0.8664259927797834,0.8304498269896193,0.8480565371024735,Ile,classification,1,42,49568,12393,1443,,,
,,,,,Ile,regression,1,42,49568,12393,1443,0.8106826796688875,0.01706509043584528,0.09674679297287693
0.7711851374108811,0.9703475839366483,0.8378378378378378,0.7322834645669292,0.7815126050420168,Leu,classification,1,42,49568,12393,633,,,
,,,,,Leu,regression,1,42,49568,12393,633,0.7853140573088846,0.015921311275269124,0.09946128454834396
0.7152404870569855,0.9649937760458949,0.75,0.64,0.6906474820143885,Lys,classification,1,42,49568,12393,375,,,
,,,,,Lys,regression,1,42,49568,12393,375,0.6228646966104849,0.009719199267999117,0.07025836581275532
0.7914266253478955,0.9660626353615567,0.9333333333333333,0.6942148760330579,0.7962085308056872,Met,classification,1,42,49568,12393,606,,,
,,,,,Met,regression,1,42,49568,12393,606,0.7351427676673332,0.013789617351196755,0.09907198181474305
0.7721212684159132,0.9743725188365875,0.9354838709677419,0.58,0.7160493827160493,Phe,classification,1,42,49568,12393,249,,,
,,,,,Phe,regression,1,42,49568,12393,249,0.5865130846369621,0.005727400321679667,0.05993033077116915
0.75014870547779,0.9816845354126056,0.8153846153846154,0.654320987654321,0.726027397260274,Pro,classification,1,42,49568,12393,407,,,
,,,,,Pro,regression,1,42,49568,12393,407,0.712011299733964,0.009263037416335256,0.06852035286751923
0.875039336860677,0.9777728701265607,0.9285714285714286,0.8082901554404145,0.8642659279778393,Ser,classification,1,42,49568,12393,964,,,
,,,,,Ser,regression,1,42,49568,12393,964,0.7797634540563505,0.015992498885136815,0.10074016555207052
0.9381778474096917,0.9880726389931733,0.9154228855721394,0.8803827751196173,0.8975609756097561,Thr,classification,1,42,49568,12393,1043,,,
,,,,,Thr,regression,1,42,49568,12393,1043,0.8224484170890238,0.010670987022994554,0.07530627794598586
0.8096781350753154,0.9921801087549182,0.8974358974358975,0.6363636363636364,0.7446808510638298,Trp,classification,1,42,49568,12393,275,,,
,,,,,Trp,regression,1,42,49568,12393,275,0.7246383008334629,0.005660003666072725,0.04207895809882809
0.8098822704556123,0.9842308956395174,0.8918918918918919,0.6804123711340206,0.7719298245614035,Tyr,classification,1,42,49568,12393,486,,,
,,,,,Tyr,regression,1,42,49568,12393,486,0.7197612508918451,0.007765553448702018,0.05881719241751556
0.83359415023433,0.9820913624202297,0.8157894736842105,0.7948717948717948,0.8051948051948052,Val,classification,1,42,49568,12393,392,,,
,,,,,Val,regression,1,42,49568,12393,392,0.8133424252096558,0.008407587442060943,0.056913227844612516
0.9895625061406057,0.9999790345091979,0.9642857142857143,1.0,0.9818181818181818,Sec,classification,1,42,49568,12393,134,,,
,,,,,Sec,regression,1,42,49568,12393,134,0.9437857298207266,0.0003745015671047545,0.011054607868444777
