target_type,task,rank,feature_index_filtered,Code,Product,normalized_gain_mean_pct,normalized_gain_sd_pct,fit_n
Ala,classification,1,29262,AQGN,16S ribosomal RNA,45.03466796875,0.0,1
Ala,classification,2,29264,AQGP,5S ribosomal RNA,11.947580337524414,0.0,1
Ala,classification,3,10506,ONC,NAD-dependent DNA ligase LigA,6.374426364898682,0.0,1
Ala,classification,4,29263,AQGO,23S ribosomal RNA,3.2530574798583984,0.0,1
Ala,classification,5,1067,AOB,ATP-binding protein,2.4937684535980225,0.0,1
Ala,classification,6,7320,JUO,HNH endonuclease,1.9568203687667847,0.0,1
Ala,classification,7,28789,APOI,type VII secretion integral membrane protein EccD,1.4344247579574585,0.0,1
Ala,classification,8,16975,YBX,"class II lanthipeptide, LchA2/BrtA2 family",1.0784456729888916,0.0,1
Ala,classification,9,20058,ACQM,helix-turn-helix domain-containing protein,0.7920001745223999,0.0,1
Ala,classification,10,25280,AKJJ,replicative DNA helicase,0.713775634765625,0.0,1
Ala,regression,1,29262,AQGN,16S ribosomal RNA,53.59653854370117,0.0,1
Ala,regression,2,29263,AQGO,23S ribosomal RNA,7.481775283813477,0.0,1
Ala,regression,3,29264,AQGP,5S ribosomal RNA,3.0405285358428955,0.0,1
Ala,regression,4,22982,AGYZ,peptidyl-tRNA hydrolase,2.8015899658203125,0.0,1
Ala,regression,5,22911,AGWG,peptide chain release factor 3,2.449634075164795,0.0,1
Ala,regression,6,2455,CPL,DNA topoisomerase IV subunit B,1.6930885314941406,0.0,1
Ala,regression,7,19495,ABUV,glutamate--tRNA ligase,0.8412342071533203,0.0,1
Ala,regression,8,21827,AFGO,molybdate ABC transporter substrate-binding protein,0.769680380821228,0.0,1
Ala,regression,9,10506,ONC,NAD-dependent DNA ligase LigA,0.6769461035728455,0.0,1
Ala,regression,10,25573,AKUQ,rod-binding protein,0.5591139197349548,0.0,1
Arg,classification,1,29264,AQGP,5S ribosomal RNA,15.933735847473145,0.0,1
Arg,classification,2,21580,AEXB,metallophosphoesterase,10.56835651397705,0.0,1
Arg,classification,3,11384,PUW,ParB family protein,4.0027079582214355,0.0,1
Arg,classification,4,15686,WEI,beta strand repeat-containing protein,3.692718267440796,0.0,1
Arg,classification,5,1067,AOB,ATP-binding protein,3.2792670726776123,0.0,1
Arg,classification,6,9971,NSN,MFS transporter,2.96338152885437,0.0,1
Arg,classification,7,18175,ZWB,ead/Ea22-like family protein,1.3222466707229614,0.0,1
Arg,classification,8,7037,JJR,GNAT family N-acetyltransferase,1.240596890449524,0.0,1
Arg,classification,9,10506,ONC,NAD-dependent DNA ligase LigA,1.2135848999023438,0.0,1
Arg,classification,10,27005,AMXS,terminase large subunit domain-containing protein,1.1825268268585205,0.0,1
Arg,regression,1,12534,RNC,SsrA-binding protein SmpB,9.995050430297852,0.0,1
Arg,regression,2,18251,ZYZ,elongation factor Tu,8.502350807189941,0.0,1
Arg,regression,3,25145,AKEE,recombination mediator RecR,4.0119948387146,0.0,1
Arg,regression,4,22250,AFWV,nicotinate phosphoribosyltransferase,3.7724030017852783,0.0,1
Arg,regression,5,29265,AQHM,transfer-messenger RNA,3.1807565689086914,0.0,1
Arg,regression,6,10506,ONC,NAD-dependent DNA ligase LigA,2.5249710083007812,0.0,1
Arg,regression,7,27254,ANHH,thymidylate synthase,2.523374319076538,0.0,1
Arg,regression,8,24068,AIOT,preprotein translocase subunit SecE,2.035493850708008,0.0,1
Arg,regression,9,29262,AQGN,16S ribosomal RNA,1.886038064956665,0.0,1
Arg,regression,10,7320,JUO,HNH endonuclease,1.820525050163269,0.0,1
Asn,classification,1,23193,AHHC,phage tail protein,34.87696075439453,0.0,1
Asn,classification,2,833,AFB,AAA family ATPase,10.539454460144043,0.0,1
Asn,classification,3,7023,JJD,GIY-YIG nuclease family protein,6.4206953048706055,0.0,1
Asn,classification,4,29263,AQGO,23S ribosomal RNA,4.440744400024414,0.0,1
Asn,classification,5,21580,AEXB,metallophosphoesterase,2.9394869804382324,0.0,1
Asn,classification,6,29264,AQGP,5S ribosomal RNA,2.655057430267334,0.0,1
Asn,classification,7,2357,CLR,DNA polymerase III subunit alpha,2.3161637783050537,0.0,1
Asn,classification,8,6375,IKF,DnaB-like helicase C-terminal domain-containing protein,2.1591954231262207,0.0,1
Asn,classification,9,25280,AKJJ,replicative DNA helicase,1.8601670265197754,0.0,1
Asn,classification,10,7320,JUO,HNH endonuclease,1.0905512571334839,0.0,1
Asn,regression,1,2357,CLR,DNA polymerase III subunit alpha,18.575815200805664,0.0,1
Asn,regression,2,16110,WUQ,bleomycin hydrolase,10.130258560180664,0.0,1
Asn,regression,3,22081,AFQI,multifunctional CCA addition/repair protein,4.140818119049072,0.0,1
Asn,regression,4,6375,IKF,DnaB-like helicase C-terminal domain-containing protein,3.488736867904663,0.0,1
Asn,regression,5,4200,FEO,DUF3927 family protein,3.2883353233337402,0.0,1
Asn,regression,6,27394,ANMR,transcription-repair coupling factor,2.7440781593322754,0.0,1
Asn,regression,7,18486,AAIA,exodeoxyribonuclease I,1.787540316581726,0.0,1
Asn,regression,8,6551,IQZ,EmmdR/YeeO family multidrug/toxin efflux MATE transporter,1.552593469619751,0.0,1
Asn,regression,9,16991,YCN,class Ia ribonucleoside-diphosphate reductase subunit beta,1.3334327936172485,0.0,1
Asn,regression,10,6821,JBJ,Fe-S cluster assembly scaffold IscU,1.2586500644683838,0.0,1
Asp,classification,1,29264,AQGP,5S ribosomal RNA,42.27875900268555,0.0,1
Asp,classification,2,10506,ONC,NAD-dependent DNA ligase LigA,9.61755084991455,0.0,1
Asp,classification,3,25439,AKPM,ribonuclease HII,4.074295997619629,0.0,1
Asp,classification,4,12896,SBA,TROVE domain-containing protein,2.78768253326416,0.0,1
Asp,classification,5,11222,POQ,PPE domain-containing protein,2.0643742084503174,0.0,1
Asp,classification,6,1067,AOB,ATP-binding protein,1.8627879619598389,0.0,1
Asp,classification,7,22438,AGEB,nuclease A inhibitor family protein,1.7333234548568726,0.0,1
Asp,classification,8,29262,AQGN,16S ribosomal RNA,1.5243431329727173,0.0,1
Asp,classification,9,9884,NPE,M81 family metallopeptidase,1.474361538887024,0.0,1
Asp,classification,10,2298,CJK,DNA gyrase subunit A,1.3275378942489624,0.0,1
Asp,regression,1,2418,COA,DNA repair protein RadA,10.580802917480469,0.0,1
Asp,regression,2,523,TD,30S ribosomal protein S7,6.366708278656006,0.0,1
Asp,regression,3,22982,AGYZ,peptidyl-tRNA hydrolase,4.362058162689209,0.0,1
Asp,regression,4,29262,AQGN,16S ribosomal RNA,4.28356409072876,0.0,1
Asp,regression,5,3996,EWS,DUF3553 domain-containing protein,3.4741575717926025,0.0,1
Asp,regression,6,18251,ZYZ,elongation factor Tu,3.0306167602539062,0.0,1
Asp,regression,7,505,SL,30S ribosomal protein S19,2.916185140609741,0.0,1
Asp,regression,8,25455,AKQC,ribonuclease R,2.5972371101379395,0.0,1
Asp,regression,9,2349,CLJ,DNA polymerase I,2.437316417694092,0.0,1
Asp,regression,10,514,SU,30S ribosomal protein S3,2.0759963989257812,0.0,1
Cys,classification,1,29263,AQGO,23S ribosomal RNA,23.98243522644043,0.0,1
Cys,classification,2,10506,ONC,NAD-dependent DNA ligase LigA,13.977452278137207,0.0,1
Cys,classification,3,11612,QDQ,RDD family protein,6.028337478637695,0.0,1
Cys,classification,4,14181,TYL,YvrJ family protein,4.612819671630859,0.0,1
Cys,classification,5,18466,AAHG,excinuclease ABC subunit UvrC,4.236632347106934,0.0,1
Cys,classification,6,28809,APPC,type VII secretion-associated serine protease mycosin,2.649909496307373,0.0,1
Cys,classification,7,7023,JJD,GIY-YIG nuclease family protein,1.8993200063705444,0.0,1
Cys,classification,8,7320,JUO,HNH endonuclease,1.6523367166519165,0.0,1
Cys,classification,9,2052,BZY,CueP family metal-binding protein,1.6494477987289429,0.0,1
Cys,classification,10,10149,NZJ,MerR family transcriptional regulator,1.5749666690826416,0.0,1
Cys,regression,1,26123,ALPU,spore coat protein,4.308445453643799,0.0,1
Cys,regression,2,22251,AFWW,nicotinate-nicotinamide nucleotide adenylyltransferase,4.277769565582275,0.0,1
Cys,regression,3,7123,JMZ,GatB/YqeY domain-containing protein,4.110847473144531,0.0,1
Cys,regression,4,18251,ZYZ,elongation factor Tu,3.667377471923828,0.0,1
Cys,regression,5,1623,BJL,CDP-diacylglycerol--glycerol-3-phosphate 3-phosphatidyltransferase,2.3766376972198486,0.0,1
Cys,regression,6,7314,JUI,HMA2 domain-containing protein,2.3286211490631104,0.0,1
Cys,regression,7,7368,JWK,HTH-type transcriptional regulator Hpr,1.9945164918899536,0.0,1
Cys,regression,8,22982,AGYZ,peptidyl-tRNA hydrolase,1.980543613433838,0.0,1
Cys,regression,9,19557,ABXF,glutaredoxin family protein,1.6577699184417725,0.0,1
Cys,regression,10,20930,ADYB,late competence development ComFB family protein,1.5612574815750122,0.0,1
Gln,classification,1,29262,AQGN,16S ribosomal RNA,32.206451416015625,0.0,1
Gln,classification,2,18003,ZPL,dihydrofolate reductase,12.681386947631836,0.0,1
Gln,classification,3,7320,JUO,HNH endonuclease,5.0326409339904785,0.0,1
Gln,classification,4,4297,FIH,DUF4031 domain-containing protein,2.2991292476654053,0.0,1
Gln,classification,5,12896,SBA,TROVE domain-containing protein,1.7867698669433594,0.0,1
Gln,classification,6,29264,AQGP,5S ribosomal RNA,1.7359280586242676,0.0,1
Gln,classification,7,19495,ABUV,glutamate--tRNA ligase,1.4211355447769165,0.0,1
Gln,classification,8,10149,NZJ,MerR family transcriptional regulator,1.3426064252853394,0.0,1
Gln,classification,9,10725,OVN,NUDIX hydrolase,1.3169904947280884,0.0,1
Gln,classification,10,7282,JTC,HD domain-containing protein,1.2445656061172485,0.0,1
Gln,regression,1,15521,VXZ,autonomous glycyl radical cofactor GrcA,6.085799217224121,0.0,1
Gln,regression,2,29263,AQGO,23S ribosomal RNA,6.0134968757629395,0.0,1
Gln,regression,3,29262,AQGN,16S ribosomal RNA,4.098790168762207,0.0,1
Gln,regression,4,12534,RNC,SsrA-binding protein SmpB,3.620316743850708,0.0,1
Gln,regression,5,20750,ADRD,iron-sulfur cluster insertion protein ErpA,3.374567985534668,0.0,1
Gln,regression,6,22982,AGYZ,peptidyl-tRNA hydrolase,3.115269899368286,0.0,1
Gln,regression,7,1290,AWQ,Asp-tRNA(Asn)/Glu-tRNA(Gln) amidotransferase subunit GatB,2.89937162399292,0.0,1
Gln,regression,8,2038,BZK,CtsR family transcriptional regulator,2.4440722465515137,0.0,1
Gln,regression,9,22482,AGFT,nucleoside-diphosphate kinase,1.9575153589248657,0.0,1
Gln,regression,10,10724,OVM,NUDIX domain-containing protein,1.930753469467163,0.0,1
Glu,classification,1,29264,AQGP,5S ribosomal RNA,32.11307144165039,0.0,1
Glu,classification,2,10506,ONC,NAD-dependent DNA ligase LigA,10.06096076965332,0.0,1
Glu,classification,3,25439,AKPM,ribonuclease HII,3.4658186435699463,0.0,1
Glu,classification,4,11222,POQ,PPE domain-containing protein,2.9503965377807617,0.0,1
Glu,classification,5,1854,BSI,Cdc6/Cdc18 family protein,2.6283674240112305,0.0,1
Glu,classification,6,19284,ABMS,gallidermin/nisin family lantibiotic,2.426129102706909,0.0,1
Glu,classification,7,29263,AQGO,23S ribosomal RNA,2.3678433895111084,0.0,1
Glu,classification,8,22438,AGEB,nuclease A inhibitor family protein,1.9451074600219727,0.0,1
Glu,classification,9,1067,AOB,ATP-binding protein,1.9215317964553833,0.0,1
Glu,classification,10,19483,ABUJ,glutamate racemase,1.6828768253326416,0.0,1
Glu,regression,1,523,TD,30S ribosomal protein S7,9.07911205291748,0.0,1
Glu,regression,2,18251,ZYZ,elongation factor Tu,7.362606048583984,0.0,1
Glu,regression,3,703,AAB,50S ribosomal protein L17,4.22774600982666,0.0,1
Glu,regression,4,10506,ONC,NAD-dependent DNA ligase LigA,3.7719364166259766,0.0,1
Glu,regression,5,29262,AQGN,16S ribosomal RNA,3.082401990890503,0.0,1
Glu,regression,6,29263,AQGO,23S ribosomal RNA,2.8785040378570557,0.0,1
Glu,regression,7,7320,JUO,HNH endonuclease,2.374124050140381,0.0,1
Glu,regression,8,694,ZS,50S ribosomal protein L10,2.1400222778320312,0.0,1
Glu,regression,9,7123,JMZ,GatB/YqeY domain-containing protein,1.5048638582229614,0.0,1
Glu,regression,10,11708,QHI,RNA polymerase-associated protein RapA,1.3693381547927856,0.0,1
Gly,classification,1,29264,AQGP,5S ribosomal RNA,30.324228286743164,0.0,1
Gly,classification,2,10506,ONC,NAD-dependent DNA ligase LigA,5.837935924530029,0.0,1
Gly,classification,3,20058,ACQM,helix-turn-helix domain-containing protein,3.8520028591156006,0.0,1
Gly,classification,4,18466,AAHG,excinuclease ABC subunit UvrC,2.839949369430542,0.0,1
Gly,classification,5,5538,HEA,DUF6402 family protein,2.13165020942688,0.0,1
Gly,classification,6,13289,SQD,UDP-glucose 4-epimerase GalE,1.8921979665756226,0.0,1
Gly,classification,7,8778,LYQ,IS607 family element RNA-guided endonuclease TnpB,1.7751667499542236,0.0,1
Gly,classification,8,4024,EXU,DUF3596 domain-containing protein,1.1626503467559814,0.0,1
Gly,classification,9,1985,BXJ,Coq4 family protein,1.1578214168548584,0.0,1
Gly,classification,10,8731,LWV,IS6-like element IS26 family transposase,1.108681559562683,0.0,1
Gly,regression,1,721,AAT,50S ribosomal protein L29,11.495272636413574,0.0,1
Gly,regression,2,724,AAW,50S ribosomal protein L30,10.115668296813965,0.0,1
Gly,regression,3,29262,AQGN,16S ribosomal RNA,6.88612174987793,0.0,1
Gly,regression,4,26123,ALPU,spore coat protein,4.459279537200928,0.0,1
Gly,regression,5,22982,AGYZ,peptidyl-tRNA hydrolase,4.192954063415527,0.0,1
Gly,regression,6,19257,ABLR,galactokinase,2.4514517784118652,0.0,1
Gly,regression,7,29264,AQGP,5S ribosomal RNA,2.447063684463501,0.0,1
Gly,regression,8,505,SL,30S ribosomal protein S19,2.3759710788726807,0.0,1
Gly,regression,9,6935,JFT,FtsK/SpoIIIE domain-containing protein,2.0124404430389404,0.0,1
Gly,regression,10,523,TD,30S ribosomal protein S7,1.940027117729187,0.0,1
His,classification,1,29264,AQGP,5S ribosomal RNA,33.94497299194336,0.0,1
His,classification,2,10506,ONC,NAD-dependent DNA ligase LigA,17.180770874023438,0.0,1
His,classification,3,12467,RKN,Sir2 family NAD-dependent protein deacetylase,5.984869956970215,0.0,1
His,classification,4,22438,AGEB,nuclease A inhibitor family protein,2.666919231414795,0.0,1
His,classification,5,20347,ADBP,hydantoinase B/oxoprolinase family protein,2.413151741027832,0.0,1
His,classification,6,25534,AKTD,ribosome silencing factor,2.230888843536377,0.0,1
His,classification,7,4539,FRP,DUF4326 domain-containing protein,2.202075719833374,0.0,1
His,classification,8,833,AFB,AAA family ATPase,2.094261407852173,0.0,1
His,classification,9,11487,PYV,PilT/PilU family type 4a pilus ATPase,1.523328423500061,0.0,1
His,classification,10,21396,AEPZ,maltotransferase domain-containing protein,1.4486501216888428,0.0,1
His,regression,1,12534,RNC,SsrA-binding protein SmpB,10.271678924560547,0.0,1
His,regression,2,9363,MVD,KOW domain-containing RNA-binding protein,5.7861738204956055,0.0,1
His,regression,3,22982,AGYZ,peptidyl-tRNA hydrolase,5.732646942138672,0.0,1
His,regression,4,1077,AOL,ATP-dependent Clp protease ATP-binding subunit ClpX,2.331881284713745,0.0,1
His,regression,5,6410,ILO,DotA/TraY family protein,2.1404216289520264,0.0,1
His,regression,6,721,AAT,50S ribosomal protein L29,2.0145339965820312,0.0,1
His,regression,7,18251,ZYZ,elongation factor Tu,1.9866796731948853,0.0,1
His,regression,8,12467,RKN,Sir2 family NAD-dependent protein deacetylase,1.7208647727966309,0.0,1
His,regression,9,18242,ZYQ,elongation factor G,1.646867036819458,0.0,1
His,regression,10,7282,JTC,HD domain-containing protein,1.5794446468353271,0.0,1
Ile,classification,1,29262,AQGN,16S ribosomal RNA,14.294476509094238,0.0,1
Ile,classification,2,25154,AKEN,recombination-associated protein RdgC,12.584817886352539,0.0,1
Ile,classification,3,20058,ACQM,helix-turn-helix domain-containing protein,8.14663314819336,0.0,1
Ile,classification,4,29264,AQGP,5S ribosomal RNA,5.574324131011963,0.0,1
Ile,classification,5,833,AFB,AAA family ATPase,3.850700616836548,0.0,1
Ile,classification,6,21580,AEXB,metallophosphoesterase,3.6004838943481445,0.0,1
Ile,classification,7,11382,PUU,ParB N-terminal domain-containing protein,1.7680734395980835,0.0,1
Ile,classification,8,23718,AIBH,plasmid SOS inhibition protein A,1.7395319938659668,0.0,1
Ile,classification,9,8731,LWV,IS6-like element IS26 family transposase,1.2852214574813843,0.0,1
Ile,classification,10,28862,APRD,tyrosine-type recombinase/integrase,0.8744151592254639,0.0,1
Ile,regression,1,29262,AQGN,16S ribosomal RNA,26.953903198242188,0.0,1
Ile,regression,2,13421,SVF,VRR-NUC domain-containing protein,5.370028495788574,0.0,1
Ile,regression,3,6293,IHB,DUF968 domain-containing protein,5.236771583557129,0.0,1
Ile,regression,4,29264,AQGP,5S ribosomal RNA,3.526984930038452,0.0,1
Ile,regression,5,29263,AQGO,23S ribosomal RNA,3.501842975616455,0.0,1
Ile,regression,6,25280,AKJJ,replicative DNA helicase,2.1635541915893555,0.0,1
Ile,regression,7,25932,ALIL,single-stranded-DNA-specific exonuclease RecJ,1.7471753358840942,0.0,1
Ile,regression,8,1130,AQM,ATP-grasp domain-containing protein,1.3301057815551758,0.0,1
Ile,regression,9,5333,GWD,DUF6148 family protein,1.2515357732772827,0.0,1
Ile,regression,10,1077,AOL,ATP-dependent Clp protease ATP-binding subunit ClpX,1.2499936819076538,0.0,1
Leu,classification,1,29264,AQGP,5S ribosomal RNA,26.052640914916992,0.0,1
Leu,classification,2,1067,AOB,ATP-binding protein,8.941621780395508,0.0,1
Leu,classification,3,25313,AKKQ,response regulator transcription factor,7.10561990737915,0.0,1
Leu,classification,4,17833,ZIX,dTMP kinase,2.261380195617676,0.0,1
Leu,classification,5,20058,ACQM,helix-turn-helix domain-containing protein,2.1101980209350586,0.0,1
Leu,classification,6,8731,LWV,IS6-like element IS26 family transposase,1.4840980768203735,0.0,1
Leu,classification,7,18466,AAHG,excinuclease ABC subunit UvrC,1.4103540182113647,0.0,1
Leu,classification,8,28229,AOSU,type II secretion system F family protein,1.2515426874160767,0.0,1
Leu,classification,9,4297,FIH,DUF4031 domain-containing protein,1.249423861503601,0.0,1
Leu,classification,10,7320,JUO,HNH endonuclease,1.0739542245864868,0.0,1
Leu,regression,1,12534,RNC,SsrA-binding protein SmpB,15.33729362487793,0.0,1
Leu,regression,2,2454,CPK,DNA topoisomerase IV subunit A,9.160700798034668,0.0,1
Leu,regression,3,29262,AQGN,16S ribosomal RNA,5.983203411102295,0.0,1
Leu,regression,4,22982,AGYZ,peptidyl-tRNA hydrolase,2.467473030090332,0.0,1
Leu,regression,5,2357,CLR,DNA polymerase III subunit alpha,2.4265213012695312,0.0,1
Leu,regression,6,29263,AQGO,23S ribosomal RNA,2.120936632156372,0.0,1
Leu,regression,7,15521,VXZ,autonomous glycyl radical cofactor GrcA,1.4781237840652466,0.0,1
Leu,regression,8,523,TD,30S ribosomal protein S7,1.438070297241211,0.0,1
Leu,regression,9,26123,ALPU,spore coat protein,1.3756810426712036,0.0,1
Leu,regression,10,29264,AQGP,5S ribosomal RNA,1.214914083480835,0.0,1
Lys,classification,1,29262,AQGN,16S ribosomal RNA,33.36073684692383,0.0,1
Lys,classification,2,29265,AQHM,transfer-messenger RNA,6.58576774597168,0.0,1
Lys,classification,3,1067,AOB,ATP-binding protein,3.471252679824829,0.0,1
Lys,classification,4,28809,APPC,type VII secretion-associated serine protease mycosin,2.939809560775757,0.0,1
Lys,classification,5,22438,AGEB,nuclease A inhibitor family protein,1.9133076667785645,0.0,1
Lys,classification,6,10149,NZJ,MerR family transcriptional regulator,1.6271265745162964,0.0,1
Lys,classification,7,14935,VBL,aminoacyltransferase,1.484595775604248,0.0,1
Lys,classification,8,7320,JUO,HNH endonuclease,1.457921028137207,0.0,1
Lys,classification,9,10506,ONC,NAD-dependent DNA ligase LigA,1.3662034273147583,0.0,1
Lys,classification,10,11909,QPB,Rop family plasmid primer RNA-binding protein,1.187160611152649,0.0,1
Lys,regression,1,12534,RNC,SsrA-binding protein SmpB,10.68777847290039,0.0,1
Lys,regression,2,18251,ZYZ,elongation factor Tu,8.374542236328125,0.0,1
Lys,regression,3,703,AAB,50S ribosomal protein L17,7.537752628326416,0.0,1
Lys,regression,4,15521,VXZ,autonomous glycyl radical cofactor GrcA,6.72481107711792,0.0,1
Lys,regression,5,22982,AGYZ,peptidyl-tRNA hydrolase,4.21856689453125,0.0,1
Lys,regression,6,1082,AOQ,ATP-dependent DNA helicase DinG,3.5124599933624268,0.0,1
Lys,regression,7,29262,AQGN,16S ribosomal RNA,2.4260032176971436,0.0,1
Lys,regression,8,7320,JUO,HNH endonuclease,2.009260892868042,0.0,1
Lys,regression,9,22250,AFWV,nicotinate phosphoribosyltransferase,1.8342691659927368,0.0,1
Lys,regression,10,6821,JBJ,Fe-S cluster assembly scaffold IscU,1.6914026737213135,0.0,1
Met,classification,1,29264,AQGP,5S ribosomal RNA,31.366212844848633,0.0,1
Met,classification,2,17115,YHH,cold-shock protein,8.078083992004395,0.0,1
Met,classification,3,10506,ONC,NAD-dependent DNA ligase LigA,5.825695514678955,0.0,1
Met,classification,4,1067,AOB,ATP-binding protein,5.013948440551758,0.0,1
Met,classification,5,13542,SZW,WhiB family transcriptional regulator,2.0004777908325195,0.0,1
Met,classification,6,23732,AIBV,plasmid mobilization protein,1.3378556966781616,0.0,1
Met,classification,7,20058,ACQM,helix-turn-helix domain-containing protein,1.2639129161834717,0.0,1
Met,classification,8,8731,LWV,IS6-like element IS26 family transposase,1.042763590812683,0.0,1
Met,classification,9,16885,XYL,class 1b ribonucleoside-diphosphate reductase subunit alpha,0.9729388952255249,0.0,1
Met,classification,10,7320,JUO,HNH endonuclease,0.9665632247924805,0.0,1
Met,regression,1,29264,AQGP,5S ribosomal RNA,21.30850601196289,0.0,1
Met,regression,2,29263,AQGO,23S ribosomal RNA,7.1505913734436035,0.0,1
Met,regression,3,18251,ZYZ,elongation factor Tu,5.509511947631836,0.0,1
Met,regression,4,22982,AGYZ,peptidyl-tRNA hydrolase,4.152313232421875,0.0,1
Met,regression,5,22081,AFQI,multifunctional CCA addition/repair protein,2.6355817317962646,0.0,1
Met,regression,6,12534,RNC,SsrA-binding protein SmpB,1.4144059419631958,0.0,1
Met,regression,7,724,AAW,50S ribosomal protein L30,1.4016075134277344,0.0,1
Met,regression,8,9414,MXC,"L,D-transpeptidase",1.1682910919189453,0.0,1
Met,regression,9,349,ML,"3',5'-cyclic-AMP phosphodiesterase",1.1183693408966064,0.0,1
Met,regression,10,518,SY,30S ribosomal protein S5,1.0727276802062988,0.0,1
Phe,classification,1,29264,AQGP,5S ribosomal RNA,36.28549575805664,0.0,1
Phe,classification,2,29265,AQHM,transfer-messenger RNA,12.018585205078125,0.0,1
Phe,classification,3,2297,CJJ,DNA gyrase inhibitor YacG,7.107511043548584,0.0,1
Phe,classification,4,7320,JUO,HNH endonuclease,5.118570327758789,0.0,1
Phe,classification,5,25932,ALIL,single-stranded-DNA-specific exonuclease RecJ,3.388056516647339,0.0,1
Phe,classification,6,28809,APPC,type VII secretion-associated serine protease mycosin,2.8376195430755615,0.0,1
Phe,classification,7,7502,KBO,Holliday junction resolvase RuvX,1.6978986263275146,0.0,1
Phe,classification,8,1067,AOB,ATP-binding protein,1.1604936122894287,0.0,1
Phe,classification,9,21203,AEIO,lysine--tRNA ligase,1.112927794456482,0.0,1
Phe,classification,10,3438,EBG,DUF262 domain-containing protein,1.0979540348052979,0.0,1
Phe,regression,1,523,TD,30S ribosomal protein S7,9.411309242248535,0.0,1
Phe,regression,2,2297,CJJ,DNA gyrase inhibitor YacG,7.348129749298096,0.0,1
Phe,regression,3,22982,AGYZ,peptidyl-tRNA hydrolase,5.68817138671875,0.0,1
Phe,regression,4,29264,AQGP,5S ribosomal RNA,4.34298038482666,0.0,1
Phe,regression,5,516,SW,30S ribosomal protein S4,4.26560115814209,0.0,1
Phe,regression,6,25145,AKEE,recombination mediator RecR,2.898897171020508,0.0,1
Phe,regression,7,495,SB,30S ribosomal protein S12,2.6008143424987793,0.0,1
Phe,regression,8,3438,EBG,DUF262 domain-containing protein,1.9400603771209717,0.0,1
Phe,regression,9,29262,AQGN,16S ribosomal RNA,1.9221662282943726,0.0,1
Phe,regression,10,12144,QYC,SIMPL domain-containing protein,1.5617650747299194,0.0,1
Pro,classification,1,29262,AQGN,16S ribosomal RNA,32.83289337158203,0.0,1
Pro,classification,2,10506,ONC,NAD-dependent DNA ligase LigA,8.896001815795898,0.0,1
Pro,classification,3,18245,ZYT,elongation factor P,3.4247565269470215,0.0,1
Pro,classification,4,29263,AQGO,23S ribosomal RNA,3.176224708557129,0.0,1
Pro,classification,5,1067,AOB,ATP-binding protein,2.9398317337036133,0.0,1
Pro,classification,6,7320,JUO,HNH endonuclease,2.884371280670166,0.0,1
Pro,classification,7,28809,APPC,type VII secretion-associated serine protease mycosin,1.7265568971633911,0.0,1
Pro,classification,8,19225,ABKL,fumarylacetoacetate hydrolase family protein,1.4921146631240845,0.0,1
Pro,classification,9,14855,UYJ,alpha/beta fold hydrolase,1.3245881795883179,0.0,1
Pro,classification,10,20058,ACQM,helix-turn-helix domain-containing protein,1.1051076650619507,0.0,1
Pro,regression,1,12534,RNC,SsrA-binding protein SmpB,9.933741569519043,0.0,1
Pro,regression,2,7123,JMZ,GatB/YqeY domain-containing protein,4.647374153137207,0.0,1
Pro,regression,3,29263,AQGO,23S ribosomal RNA,3.484800338745117,0.0,1
Pro,regression,4,29262,AQGN,16S ribosomal RNA,3.4016871452331543,0.0,1
Pro,regression,5,22982,AGYZ,peptidyl-tRNA hydrolase,3.0596885681152344,0.0,1
Pro,regression,6,15521,VXZ,autonomous glycyl radical cofactor GrcA,2.6194610595703125,0.0,1
Pro,regression,7,1789,BPV,CTP synthase,1.9821019172668457,0.0,1
Pro,regression,8,26870,AMSN,tRNA(His) guanylyltransferase Thg1 family protein,1.7390540838241577,0.0,1
Pro,regression,9,29265,AQHM,transfer-messenger RNA,1.713027000427246,0.0,1
Pro,regression,10,18251,ZYZ,elongation factor Tu,1.44778311252594,0.0,1
Ser,classification,1,27254,ANHH,thymidylate synthase,18.867164611816406,0.0,1
Ser,classification,2,29264,AQGP,5S ribosomal RNA,12.08721923828125,0.0,1
Ser,classification,3,23193,AHHC,phage tail protein,11.50150203704834,0.0,1
Ser,classification,4,6293,IHB,DUF968 domain-containing protein,4.785991668701172,0.0,1
Ser,classification,5,20058,ACQM,helix-turn-helix domain-containing protein,3.5585367679595947,0.0,1
Ser,classification,6,1067,AOB,ATP-binding protein,2.10854434967041,0.0,1
Ser,classification,7,7320,JUO,HNH endonuclease,1.4313790798187256,0.0,1
Ser,classification,8,7282,JTC,HD domain-containing protein,1.356433391571045,0.0,1
Ser,classification,9,17834,ZIY,dUTP diphosphatase,1.1204828023910522,0.0,1
Ser,classification,10,9203,MOZ,Ig-like domain-containing protein,1.0903505086898804,0.0,1
Ser,regression,1,27254,ANHH,thymidylate synthase,9.285331726074219,0.0,1
Ser,regression,2,12534,RNC,SsrA-binding protein SmpB,7.980738639831543,0.0,1
Ser,regression,3,29265,AQHM,transfer-messenger RNA,6.214056968688965,0.0,1
Ser,regression,4,22982,AGYZ,peptidyl-tRNA hydrolase,5.938889026641846,0.0,1
Ser,regression,5,10506,ONC,NAD-dependent DNA ligase LigA,2.325387477874756,0.0,1
Ser,regression,6,25145,AKEE,recombination mediator RecR,2.3138437271118164,0.0,1
Ser,regression,7,523,TD,30S ribosomal protein S7,1.9568976163864136,0.0,1
Ser,regression,8,22250,AFWV,nicotinate phosphoribosyltransferase,1.9479752779006958,0.0,1
Ser,regression,9,21244,AEKD,lytic replication protein,1.8670653104782104,0.0,1
Ser,regression,10,4200,FEO,DUF3927 family protein,1.7820687294006348,0.0,1
Thr,classification,1,6293,IHB,DUF968 domain-containing protein,17.04264259338379,0.0,1
Thr,classification,2,21580,AEXB,metallophosphoesterase,14.582221031188965,0.0,1
Thr,classification,3,29263,AQGO,23S ribosomal RNA,8.899609565734863,0.0,1
Thr,classification,4,21647,AEZQ,methionine--tRNA ligase,6.385456085205078,0.0,1
Thr,classification,5,29264,AQGP,5S ribosomal RNA,6.1405253410339355,0.0,1
Thr,classification,6,352,MO,3'-5' exonuclease,2.0095531940460205,0.0,1
Thr,classification,7,22250,AFWV,nicotinate phosphoribosyltransferase,2.0048828125,0.0,1
Thr,classification,8,7320,JUO,HNH endonuclease,1.9062467813491821,0.0,1
Thr,classification,9,7037,JJR,GNAT family N-acetyltransferase,1.4270743131637573,0.0,1
Thr,classification,10,7456,JZU,Hha/YmoA family nucleoid-associated regulatory protein,1.1220554113388062,0.0,1
Thr,regression,1,6293,IHB,DUF968 domain-containing protein,12.340627670288086,0.0,1
Thr,regression,2,22982,AGYZ,peptidyl-tRNA hydrolase,8.286835670471191,0.0,1
Thr,regression,3,24068,AIOT,preprotein translocase subunit SecE,5.719812393188477,0.0,1
Thr,regression,4,20748,ADRB,iron-sulfur cluster carrier protein ApbC,5.290576934814453,0.0,1
Thr,regression,5,694,ZS,50S ribosomal protein L10,4.406072616577148,0.0,1
Thr,regression,6,16110,WUQ,bleomycin hydrolase,4.13038444519043,0.0,1
Thr,regression,7,6317,IHZ,Dam family site-specific DNA-(adenine-N6)-methyltransferase,3.2478086948394775,0.0,1
Thr,regression,8,29263,AQGO,23S ribosomal RNA,2.2557687759399414,0.0,1
Thr,regression,9,495,SB,30S ribosomal protein S12,2.2019381523132324,0.0,1
Thr,regression,10,27200,ANFF,thioredoxin-disulfide reductase,1.4107695817947388,0.0,1
Trp,classification,1,27250,ANHD,thymidine kinase,28.28753089904785,0.0,1
Trp,classification,2,29262,AQGN,16S ribosomal RNA,13.571093559265137,0.0,1
Trp,classification,3,10506,ONC,NAD-dependent DNA ligase LigA,8.741646766662598,0.0,1
Trp,classification,4,8778,LYQ,IS607 family element RNA-guided endonuclease TnpB,3.408113718032837,0.0,1
Trp,classification,5,7320,JUO,HNH endonuclease,2.6090190410614014,0.0,1
Trp,classification,6,29118,AQAZ,xanthine dehydrogenase family protein molybdopterin-binding subunit,1.9624528884887695,0.0,1
Trp,classification,7,1406,BBC,BTAD domain-containing putative transcriptional regulator,1.4533264636993408,0.0,1
Trp,classification,8,27606,ANUV,translation elongation factor Ts,1.388875961303711,0.0,1
Trp,classification,9,25228,AKHJ,replication initiation protein,1.250190019607544,0.0,1
Trp,classification,10,11947,QQN,RusA family crossover junction endodeoxyribonuclease,1.2270857095718384,0.0,1
Trp,regression,1,10506,ONC,NAD-dependent DNA ligase LigA,9.823287010192871,0.0,1
Trp,regression,2,1092,APA,ATP-dependent RNA helicase RhlB,4.2733564376831055,0.0,1
Trp,regression,3,14439,UIJ,actin like filament,3.056865930557251,0.0,1
Trp,regression,4,3438,EBG,DUF262 domain-containing protein,2.8842580318450928,0.0,1
Trp,regression,5,22250,AFWV,nicotinate phosphoribosyltransferase,2.726578950881958,0.0,1
Trp,regression,6,13816,TKK,YfbR-like 5'-deoxynucleotidase,2.6497368812561035,0.0,1
Trp,regression,7,18251,ZYZ,elongation factor Tu,2.4264700412750244,0.0,1
Trp,regression,8,25187,AKFU,regulatory protein RecX,2.383654832839966,0.0,1
Trp,regression,9,27250,ANHD,thymidine kinase,1.8977404832839966,0.0,1
Trp,regression,10,24068,AIOT,preprotein translocase subunit SecE,1.753990650177002,0.0,1
Tyr,classification,1,21647,AEZQ,methionine--tRNA ligase,18.336610794067383,0.0,1
Tyr,classification,2,29264,AQGP,5S ribosomal RNA,14.805705070495605,0.0,1
Tyr,classification,3,18175,ZWB,ead/Ea22-like family protein,9.120063781738281,0.0,1
Tyr,classification,4,27250,ANHD,thymidine kinase,6.353611469268799,0.0,1
Tyr,classification,5,21580,AEXB,metallophosphoesterase,4.729077339172363,0.0,1
Tyr,classification,6,833,AFB,AAA family ATPase,3.9068729877471924,0.0,1
Tyr,classification,7,7023,JJD,GIY-YIG nuclease family protein,3.2265496253967285,0.0,1
Tyr,classification,8,8779,LYR,IS607 family transposase,2.8179681301116943,0.0,1
Tyr,classification,9,29263,AQGO,23S ribosomal RNA,2.250007152557373,0.0,1
Tyr,classification,10,20316,ADAK,host cell division inhibitor Icd-like protein,1.6524617671966553,0.0,1
Tyr,regression,1,18251,ZYZ,elongation factor Tu,7.9519195556640625,0.0,1
Tyr,regression,2,18486,AAIA,exodeoxyribonuclease I,7.4237751960754395,0.0,1
Tyr,regression,3,20748,ADRB,iron-sulfur cluster carrier protein ApbC,7.171212196350098,0.0,1
Tyr,regression,4,7302,JTW,HI1450 family dsDNA-mimic protein,5.3186936378479,0.0,1
Tyr,regression,5,22982,AGYZ,peptidyl-tRNA hydrolase,3.6535403728485107,0.0,1
Tyr,regression,6,26123,ALPU,spore coat protein,2.6171720027923584,0.0,1
Tyr,regression,7,523,TD,30S ribosomal protein S7,2.5276691913604736,0.0,1
Tyr,regression,8,27254,ANHH,thymidylate synthase,1.8417023420333862,0.0,1
Tyr,regression,9,20316,ADAK,host cell division inhibitor Icd-like protein,1.7093695402145386,0.0,1
Tyr,regression,10,9785,NLJ,LysM peptidoglycan-binding domain-containing protein,1.3824211359024048,0.0,1
Val,classification,1,29262,AQGN,16S ribosomal RNA,33.45436477661133,0.0,1
Val,classification,2,25945,ALIY,site-2 protease family protein,5.460032939910889,0.0,1
Val,classification,3,10149,NZJ,MerR family transcriptional regulator,4.882204055786133,0.0,1
Val,classification,4,10506,ONC,NAD-dependent DNA ligase LigA,4.79472017288208,0.0,1
Val,classification,5,29264,AQGP,5S ribosomal RNA,2.457051992416382,0.0,1
Val,classification,6,7037,JJR,GNAT family N-acetyltransferase,2.13832688331604,0.0,1
Val,classification,7,1067,AOB,ATP-binding protein,1.5708566904067993,0.0,1
Val,classification,8,22438,AGEB,nuclease A inhibitor family protein,1.5350830554962158,0.0,1
Val,classification,9,20058,ACQM,helix-turn-helix domain-containing protein,1.4941092729568481,0.0,1
Val,classification,10,25244,AKHZ,replication protein,1.3257473707199097,0.0,1
Val,regression,1,16529,XKT,cell division protein ZipA,12.683245658874512,0.0,1
Val,regression,2,18251,ZYZ,elongation factor Tu,11.733600616455078,0.0,1
Val,regression,3,25457,AKQE,ribonuclease T,10.30141830444336,0.0,1
Val,regression,4,29262,AQGN,16S ribosomal RNA,4.350089073181152,0.0,1
Val,regression,5,19495,ABUV,glutamate--tRNA ligase,2.9706153869628906,0.0,1
Val,regression,6,698,ZW,50S ribosomal protein L13,2.4135987758636475,0.0,1
Val,regression,7,22982,AGYZ,peptidyl-tRNA hydrolase,2.3269147872924805,0.0,1
Val,regression,8,27515,ANRI,transcriptional regulator SlyA,2.209536552429199,0.0,1
Val,regression,9,29264,AQGP,5S ribosomal RNA,1.9349130392074585,0.0,1
Val,regression,10,26857,AMSA,tRNA pseudouridine(38-40) synthase TruA,1.4437116384506226,0.0,1
Sec,classification,1,9502,NAM,L-seryl-tRNA(Sec) selenium transferase,96.01749420166016,0.0,1
Sec,classification,2,11542,QAY,PrkA family serine protein kinase,1.2437126636505127,0.0,1
Sec,classification,3,26526,AMFH,substrate-binding domain-containing protein,0.604432225227356,0.0,1
Sec,classification,4,19841,ACID,glycosyl transferase family 1,0.35126781463623047,0.0,1
Sec,classification,5,25684,AKYX,selenocysteine-specific translation elongation factor,0.3435276746749878,0.0,1
Sec,classification,6,12972,SDY,TetR/AcrR family transcriptional regulator,0.23609597980976105,0.0,1
Sec,classification,7,13909,TNZ,YiaA/YiaB family inner membrane protein,0.188221737742424,0.0,1
Sec,classification,8,10285,OEP,MurR/RpiR family transcriptional regulator,0.17802128195762634,0.0,1
Sec,classification,9,22436,AGDZ,nuclear transport factor 2 family protein,0.1255994439125061,0.0,1
Sec,classification,10,1573,BHN,CBO2463/CBO2479 domain-containing protein,0.12059885263442993,0.0,1
Sec,regression,1,25684,AKYX,selenocysteine-specific translation elongation factor,68.31688690185547,0.0,1
Sec,regression,2,9502,NAM,L-seryl-tRNA(Sec) selenium transferase,19.667882919311523,0.0,1
Sec,regression,3,16441,XHJ,catalase family protein,2.4444775581359863,0.0,1
Sec,regression,4,14445,UIP,acyclic terpene utilization AtuA family protein,0.6603808403015137,0.0,1
Sec,regression,5,14739,UTX,allantoate amidohydrolase,0.6340948939323425,0.0,1
Sec,regression,6,3651,EJL,DUF2946 family protein,0.5475085973739624,0.0,1
Sec,regression,7,12839,RYV,TIM-barrel domain-containing protein,0.4606197774410248,0.0,1
Sec,regression,8,15400,VTI,arsenic transporter,0.4447559118270874,0.0,1
Sec,regression,9,19744,ACEK,glycoside hydrolase family 15 protein,0.41688644886016846,0.0,1
Sec,regression,10,14335,UEJ,acetyl-CoA acetyltransferase,0.3426673710346222,0.0,1
