Product_Key,tRNA-Ala,tRNA-Arg,tRNA-Asn,tRNA-Asp,tRNA-Cys,tRNA-Gln,tRNA-Glu,tRNA-Gly,tRNA-His,tRNA-Ile,tRNA-Leu,tRNA-Lys,tRNA-Met,tRNA-Phe,tRNA-Pro,tRNA-Ser,tRNA-Thr,tRNA-Trp,tRNA-Tyr,tRNA-Val
16S ribosomal RNA,46.224710217243576,0.7262031856756362,0.0,0.0,0.0,0.0,0.688183301252601,3.1852582810603356,0.0,2.5932945799383464,1.186581352794054,1.4119345946921757,0.7135701104055524,1.2328632468916367,0.7427773457160843,0.0,0.7888457475247567,0.0,0.0,2.026512582113972
5S ribosomal RNA,5.389963605223316,1.3837750376073925,2.2281459707818425,1.329958348879298,0.0,1.3023426694087217,0.0,17.792549174200218,0.0,28.658837546085977,0.0,1.6571421957408905,3.5789178177620653,2.033918890900314,0.0,2.503509155340873,1.4925046939672921,0.0,0.0,10.477860013292966
Regulatory protein RecX,0.0,0.0,0.0,0.0,0.0,0.0,0.0,0.0,0.0,0.0,0.0,0.0,0.0,0.0,0.0,0.0,0.0,27.666362180892502,4.015901183965823,0.0
Exodeoxyribonuclease I,0.0,0.0,13.04153300874404,0.0,0.0,0.0,0.0,0.0,0.0,0.0,0.0,9.000411080551224,2.1644346040325,0.0,0.0,0.0,0.0,0.0,22.321497320962237,0.0
Preprotein translocase subunit SecY,0.0,21.351661519295448,0.0,0.0,0.0,0.0,0.0,0.0,0.0,0.0,0.5522042238409242,0.0,0.0,0.0,0.0,0.0,5.338919293346453,0.0,0.0,2.2541362147062016
NAD-dependent DNA ligase LigA,0.22005210733979022,0.0,0.0,0.0,0.0,0.0,0.0,0.0,0.0,0.41022327067369596,4.743368411009677,0.0,0.0,0.0,0.0,20.836172604535786,4.400681864032884,0.0,0.0,0.0
SsrA-binding protein SmpB,0.0,0.6012299612824257,0.0,0.0,0.0,1.3995190033853373,0.0,0.0,0.0,1.2167488716449408,19.689702041601038,0.5532608829941207,0.909147558983587,0.0,1.121219925757938,0.7450520717920314,0.0,0.0,0.0,0.0
23S ribosomal RNA,8.16028972099792,0.7251595820861367,0.0,0.0,0.0,0.7716184087475129,0.0,0.32393318897454815,0.0,16.521152042064895,0.0,0.0,0.49582261239023895,0.0,0.0,0.0,0.0,0.0,0.0,0.0
Preprotein translocase subunit SecE,0.0,1.7693728549505314,0.0,0.0,0.0,0.0,0.0,0.0,0.0,0.0,0.0,0.0,0.0,0.0,0.0,0.0,16.153286817154864,0.0,0.0,0.0
Type IV pilus twitching motility protein PilT,0.0,2.3964635920306225,0.0,0.0,0.0,0.0,0.0,0.0,0.0,0.0,0.0,0.0,0.0,0.0,13.649643550157274,0.0,6.4395268474875,0.0,0.0,0.0
Elongation factor Tu,0.0,2.1864020410731118,0.0,0.0,0.0,0.0,8.36137951308323,0.0,0.0,1.7454825995274792,1.2101385419591333,4.298290735373924,13.646043553668918,2.8393496166864445,0.0,0.0,2.6155809372995207,0.0,2.6125455565091995,1.5818243918385433
Bax inhibitor-1/YccA family protein,0.0,1.2529383130559932,0.0,4.448135045047229,0.0,0.0,10.930945047743059,0.0,0.0,0.0,0.0,0.0,0.0,0.0,0.0,0.0,0.0,0.0,0.0,0.0
Adenylate kinase,0.0,0.0,0.9227092925735162,10.17194929915493,0.0,0.0,0.0,0.0,0.0,0.0,0.0,1.7130536285041258,0.0,0.0,0.0,0.0,0.0,0.0,0.0,0.0
DUF2726 domain-containing protein,0.0,0.0,0.0,0.0,0.0,0.0,0.0,0.0,0.0,0.0,0.0,0.0,0.0,0.0,0.0,0.0,0.0,9.384183498035265,0.0,0.0
Type IVB secretion system protein IcmJDotN,0.0,0.0,0.0,0.0,0.0,0.0,0.0,0.0,9.056825322162936,0.0,0.0,0.0,0.0,0.0,0.0,0.0,0.0,0.0,0.0,0.0
DUF808 domain-containing protein,0.0,0.0,9.007151101373305,0.0,0.0,1.3506229266217848,0.0,0.0,0.0,0.0,0.0,0.0,0.0,0.0,0.0,0.0,0.0,0.0,0.0,0.0
Type II secretion system F family protein,0.0,0.0,0.0,0.0,0.0,0.0,0.0,0.0,0.0,0.0,0.0,0.0,0.0,0.0,0.0,8.562147393961546,4.3186888422891325,0.0,0.0,0.0
DNA repair protein RadA,0.0,0.0,1.7588899056405494,8.312521042763862,0.0,0.0,0.0,0.0,0.0,0.0,0.5140251009702459,8.258457406828734,0.0,3.9386918560627326,0.6082663536939098,0.0,0.0,0.0,0.0,0.0
Cell division protein ZipA,0.0,0.0,0.0,0.0,0.0,0.0,0.0,0.0,0.0,0.0,0.0,0.0,0.0,0.0,0.0,0.0,0.0,0.0,0.0,8.279206536295199
Mini-ribonuclease 3,0.0,0.0,0.0,0.0,0.0,0.0,0.0,0.0,0.0,0.0,0.0,0.0,0.0,7.56946923974314,0.0,0.0,0.0,0.0,0.0,0.0
Fe-S cluster assembly scaffold IscU,0.0,0.0,7.408626382732699,0.0,0.0,0.0,0.0,0.0,0.0,0.0,0.8449980721653702,0.0,0.9159384186478573,0.0,0.0,0.0,0.0,0.0,4.001341984905122,0.0
PIN/TRAM domain-containing protein,0.0,0.0,0.0,0.0,0.0,0.0,0.0,0.0,7.309442249302521,0.0,0.0,0.0,0.0,0.0,0.0,0.0,0.0,0.0,0.0,0.0
Multidrug efflux SMR transporter,0.0,0.0,0.0,0.0,7.090683946768252,0.0,0.0,0.0,0.0,0.0,0.0,0.0,0.0,0.0,0.0,0.0,0.0,0.0,0.0,0.0
Serine--tRNA ligase,0.0,0.0,0.0,0.0,0.0,6.866917050110303,0.9267398499003493,0.0,0.0,0.0,0.0,0.0,0.0,0.0,0.0,0.5436250063878464,0.0,0.0,0.0,0.0
DUF72 domain-containing protein,0.0,0.0,6.66232100398095,0.0,0.0,0.0,0.0,0.0,0.0,0.0,0.0,0.0,0.0,0.0,0.0,0.0,0.0,0.0,0.0,0.0
Nucleoside-diphosphate kinase,0.0,0.0,0.0,0.0,0.0,6.630335263165551,0.0,0.0,0.0,0.4205885720640796,0.0,0.0,0.0,0.0,0.0,0.0,0.0,0.0,0.0,0.0
YbaB/EbfC family nucleoid-associated protein,0.0,0.0,0.0,0.0,0.0,0.0,0.0,6.354304716337406,0.0,0.0,0.0,0.0,0.0,0.0,0.0,0.0,0.0,0.0,0.0,0.0
Iron-sulfur cluster insertion protein ErpA,0.0,0.0,0.0,0.0,0.0,0.0,6.341233527898081,0.0,0.0,0.0,0.0,0.0,0.0,0.0,0.0,0.0,0.0,0.0,0.0,0.0
YcgL domain-containing protein,0.0,0.0,0.0,0.0,0.0,0.0,0.0,0.0,0.0,0.0,0.0,0.0,0.0,0.0,0.0,0.0,0.0,0.0,0.0,6.272676209951872
NADH:flavin oxidoreductase,0.0,0.0,0.0,0.0,6.0414606801347475,0.0,0.0,0.0,0.0,0.0,0.0,0.0,0.0,0.0,0.0,0.0,0.0,0.0,0.0,0.0
PTS sugar transporter subunit IIA,0.0,0.0,0.0,6.004819051787114,0.0,0.0,0.0,0.0,0.0,0.0,0.0,0.0,0.0,0.0,0.0,0.0,0.0,0.0,0.0,0.0
Iron-sulfur cluster assembly accessory protein,0.0,0.0,0.0,0.0,0.0,0.0,0.0,0.0,6.000821899143834,0.0,0.0,0.0,0.0,0.8380110439823184,0.0,0.0,0.0,0.0,0.0,0.0
Preprotein translocase subunit SecA,0.0,0.0,0.0,0.0,0.0,0.0,0.0,0.0,0.0,0.5358178191224209,5.778019678387861,0.0,0.0,0.578776535671285,4.407148660433314,0.0,0.0,0.0,0.0,0.0
Multifunctional CCA addition/repair protein,0.0,0.0,4.966551732650271,0.0,0.0,5.678400380140215,0.0,0.0,0.0,0.0,0.0,0.0,5.717744670173777,0.0,1.1951762123044187,0.0,0.0,2.7318237551834756,0.0,0.0
Class 1a ribonucleoside-diphosphate reductase subunit alpha,0.0,0.0,0.0,0.0,0.0,0.0,0.0,0.0,0.0,0.0,0.0,5.538995223689697,0.6342914316471208,0.0,0.0,0.0,0.0,0.0,0.0,0.0
DNA polymerase III subunit epsilon,0.0,0.0,0.0,4.298456537498919,0.0,5.199837142939237,1.3336579434748719,0.0,0.0,0.0,0.5183464109661452,0.0,0.0,0.0,1.2658081264639023,0.0,0.0,0.0,0.0,0.0
ATP-dependent DNA helicase DinG,0.0,0.0,0.0,0.0,0.0,0.0,0.0,0.0,0.0,0.0,0.0,5.193733160119258,0.0,0.0,0.0,0.0,0.0,0.0,0.0,0.0
16S rRNA pseudouridine(516) synthase RsuA,0.0,0.0,0.0,0.0,0.0,0.0,0.0,0.0,0.0,0.0,0.0,0.0,0.0,0.0,0.0,0.0,0.0,0.0,0.0,4.759556857750334
TRNA pseudouridine(38-40) synthase TruA,0.0,0.0,0.0,4.591700784188605,0.0,0.0,0.6958200850518054,0.0,0.0,0.3662598248805334,0.0,0.0,4.211772638899794,0.0,0.0,0.0,0.0,0.0,0.0,1.7216281936635875
Lipoprotein,0.0,0.0,0.0,0.0,0.0,0.0,0.0,0.0,0.0,0.0,0.0,4.435044079501749,0.0,0.0,0.0,0.0,0.0,0.0,0.0,0.0
Glycoside hydrolase family 5 protein,0.0,0.0,0.0,0.0,0.0,0.0,0.0,0.0,4.38584733830758,0.0,0.0,0.0,0.0,0.0,0.0,0.0,0.0,0.0,1.0234496405192688,0.0
Transfer-messenger RNA,0.0,4.359967339818825,0.0,0.8926506420587855,0.0,0.0,0.0,0.0,0.0,0.0,1.3044935100375208,0.6530901833666182,0.0,0.0,1.2225964030491292,1.7115214079882284,1.2528728336610098,0.0,0.0,0.0
30S ribosomal protein S12,0.0,0.0,0.0,0.0,0.0,0.0,0.0,4.326154488887432,0.0,0.0,1.4170870559675508,0.0,0.0,0.0,0.0,0.7564354984440164,0.9717172134205208,0.0,0.0,0.0
DNA topoisomerase (ATP-hydrolyzing) subunit B,0.0,0.0,0.0,0.0,0.0,4.278417736878057,0.0,0.0,0.0,0.0,0.0,0.0,0.0,0.0,0.0,0.0,0.0,0.0,0.0,0.0
Anaerobic ribonucleoside-triphosphate reductase-activating protein,0.0,0.0,0.0,0.0,4.153868762190373,0.0,0.0,0.0,0.0,0.0,0.740862192449352,1.8151983522674024,3.06492270123502,0.0,0.8568955927184935,1.443472665118744,0.0,0.0,3.1903430227888414,0.0
Recombination mediator RecR,0.0,0.0,0.0,0.0,0.0,0.0,0.0,2.119896017044527,0.0,0.0,0.0,0.0,3.8935879668287487,0.0,0.0,0.0,0.0,0.0,0.0,3.0706488276409645
TRNA (uridine(34)/cytosine(34)/5- carboxymethylaminomethyluridine(34)-2'-O)- methyltransferase TrmL,0.0,0.0,0.0,0.0,0.0,0.0,0.0,3.730499355992127,0.0,0.0,0.0,0.0,0.0,0.0,0.0,0.0,0.0,0.0,0.0,0.0
Replication initiator protein RctB domain-containing protein,0.0,0.0,0.0,0.0,3.705527361939447,0.0,0.0,0.0,0.0,0.0,0.0,0.0,0.0,0.0,0.0,0.0,0.0,0.0,0.0,0.0
Glutamate--tRNA ligase,0.0,0.0,0.0,0.0,0.0,0.0,0.0,0.0,0.0,0.0,0.0,0.0,0.0,0.0,0.0,0.0,0.0,0.0,0.0,3.583789068231869
YchJ family protein,0.0,0.0,0.0,0.0,0.0,0.0,3.5435938378096488,0.0,0.0,0.0,0.0,0.0,0.0,0.0,0.0,0.0,0.0,0.0,1.3863634335255426,0.0
KOW domain-containing RNA-binding protein,0.0,0.0,0.0,0.0,2.311487549601918,0.0,0.0,0.0,3.37823392447255,0.0,0.0,0.0,0.0,1.067976458952068,0.0,0.0,0.0,0.0,0.0,0.0
DUF1566 domain-containing protein,0.0,0.0,0.0,0.0,3.2330497593577388,0.0,0.0,0.0,0.0,0.0,0.0,0.0,0.0,0.0,0.0,0.0,0.0,0.0,0.0,0.0
Autonomous glycyl radical cofactor GrcA,0.0,0.0,0.0,0.0,0.0,0.0,0.0,0.0,0.0,0.0,0.8039604686900491,1.9266852038468454,0.6130866231135892,2.2533085910270687,0.0,0.0,0.0,0.0,3.0668240444296377,0.0
Elongation factor G,0.0,0.0,0.0,0.0,0.0,0.0,0.0,0.0,0.0,0.0,0.0,0.0,0.0,3.0176026299384406,0.0,0.9877342533644199,0.0,0.0,0.0,0.0
NrtR DNA-binding winged helix domain-containing protein,0.0,0.0,0.0,0.0,0.0,0.0,0.0,0.0,0.0,0.0,0.0,0.0,1.0917525729288602,2.9436461498966344,0.0,0.0,0.0,0.0,0.0,0.0
"ATPase, T2SS/T4P/T4SS family",0.0,0.0,0.0,0.0,0.0,0.0,0.0,0.0,0.0,0.0,0.0,0.0,0.0,0.0,2.764717634287311,0.0,0.0,0.0,0.0,0.0
NUDIX domain-containing protein,0.0,0.0,0.0,0.0,0.0,0.0,0.0,2.382503639787258,0.0,0.0,0.0,0.0,0.0,0.0,0.0,2.760438789194302,0.0,0.0,0.0,0.0
Carbon storage regulator CsrA,1.7426393675907248,2.7466846915343694,0.0,0.7438873141754221,0.0,0.0,0.0,0.0,0.0,0.0,0.0,0.0,0.0,0.0,0.0,0.0,0.0,0.0,0.0,0.0
"Ribosome hibernation-promoting factor, HPF/YfiA family",0.0,0.0,0.0,0.0,0.0,0.0,0.0,0.0,0.0,1.3042810051761984,0.0,0.0,0.0,0.0,0.0,0.0,0.0,2.7439870678303606,0.0,0.0
L-aspartate oxidase,0.0,0.0,0.0,0.0,0.0,0.0,2.643136778273989,0.0,0.0,0.0,0.0,0.0,0.0,0.0,0.0,0.0,0.0,0.0,0.0,0.0
Peptide chain release factor 3,2.372527368238945,0.0,0.0,0.0,0.0,0.0,0.0,0.0,0.0,0.0,0.0,0.0,0.0,0.0,0.0,0.0,0.0,0.0,0.0,0.0
NYN domain-containing protein,0.0,0.0,0.0,0.0,0.0,0.8873833272129406,0.0,0.0,0.0,0.0,2.322355181656168,0.0,0.0,0.0,0.0,0.0,0.0,0.0,0.0,0.0
Anaerobic ribonucleoside triphosphate reductase,0.0,0.0,0.0,0.0,0.0,0.0,0.0,0.0,0.0,0.0,0.0,0.0,0.0,0.0,2.1856407782116554,0.0,0.0,0.0,1.550835954294774,0.0
LysM peptidoglycan-binding domain-containing protein,0.0,0.0,0.0,0.0,0.0,0.0,0.0,0.0,0.0,0.0,0.0,0.0,0.0,0.0,0.0,0.8304034601821982,0.0,2.0240421613743,0.0,0.0
ATP phosphoribosyltransferase,1.97362587810563,0.0,0.0,0.0,0.0,0.0,0.0,0.0,0.0,0.0,0.0,0.0,0.0,0.0,0.0,0.0,0.0,0.0,0.0,0.0
Protease SohB,0.0,0.0,0.0,0.0,0.0,0.0,0.0,0.0,0.0,1.9040433950111482,1.052398694557305,0.0,0.0,0.0,0.0,0.0,0.0,0.0,0.0,0.6063262147641884
Metallophosphoesterase,0.0,0.8230745493571411,0.0,0.0,0.0,0.0,0.0,0.0,0.0,0.0,0.0,0.0,0.0,0.0,0.0,1.8166837582319388,0.0,0.0,0.0,0.0
FG-GAP repeat domain-containing protein,0.0,0.0,0.0,0.0,0.0,0.0,0.0,0.0,0.0,0.0,0.0,0.0,0.0,0.0,1.772073596106983,0.0,0.0,0.0,0.0,0.0
